FMZ,Group,Lake_Name,Wby_Lid,Latitude,Longitude,Elevation,Area_ha,Shoreline,Depth_Max,Depth_Mn,Secchi,DOC
1,0,Pine Lake,16-6284-60018,54.15,-85.04,108,299,2.0,12.7,4.7,1.90,8.6
1,0,Shamattawa Lake,16-5856-60025,54.17,-85.69,86,963,8.8,7.2,1.6,1.20,15.2
1,0,Spruce Lake,16-6292-60223,54.33,-85.01,109,1082,3.8,16.0,4.5,2.00,7.8
2,0,Big Trout Lake,15-6978-59597,53.75,-90.00,219,63883,108.0,36.6,10.3,5.80,6.4
2,0,Cairns Lake,15-3974-57298,51.71,-94.49,373,5220,26.1,18.5,7.0,5.70,5.5
2,0,Echoing Lake,15-5492-60415,54.52,-92.24,199,5389,9.4,30.0,8.9,7.70,6.0
2,0,"I-291, Lake",16-4324-56660,51.14,-87.97,299,549,6.9,4.2,1.3,2.20,11.8
2,0,Lingman Lake,15-5089-59670,53.85,-92.87,250,507,4.7,4.9,1.9,2.10,8.2
2,0,Nikip Lake,15-5751-58597,52.90,-91.88,295,5513,9.1,2.7,1.6,1.00,12.5
2,0,NL,16-4137-58866,53.13,-88.31,,1301,15.2,14.6,2.5,2.50,8.3
2,0,North Spirit Lake,15-5061-58179,52.51,-92.91,335,6603,35.7,31.5,9.8,2.30,11.5
2,0,Sandy Lake,15-5000-58758,53.03,-92.97,274,48375,143.7,15.2,2.9,0.50,11.5
2,0,Totogan Lake,16-3492-57692,52.06,-89.20,310,2709,12.9,7.0,2.5,1.30,12.2
2,0,Tutu Lake,15-5365-57696,52.08,-92.47,401,329,3.4,4.7,1.0,1.10,7.0
2,0,Weese Lake,16-3864-56799,51.26,-88.63,311,1263,6.8,15.0,1.4,1.75,11.5
2,0,Windigo Lake,15-5988-58262,52.58,-91.54,340,8028,15.7,7.0,3.8,1.60,8.4
2,0,Winisk Lake,16-4753-58628,52.91,-87.38,199,25815,162.2,16.5,2.2,3.00,8.8
3,0,McFaulds Lake,16-5630-58465,52.77,-86.06,158,958,2.5,3.2,1.6,0.80,12.6
3,0,Wild Berry Lake,16-5494-59810,53.97,-86.25,120,2157,6.8,2.8,1.5,0.60,14.0
4,0,Amik Lake,15-5782-55201,49.83,-91.91,403,1162,12.8,20.4,5.5,1.50,14.0
4,0,Arc Lake,15-6471-56202,50.72,-90.91,399,596,6.8,31.0,5.7,3.01,10.9
4,0,Arethusa Lake,15-5837-55088,49.73,-91.84,425,768,6.6,18.0,6.2,3.00,7.7
4,0,Bawden Lake,15-6011-55383,49.99,-91.59,393,376,3.5,11.0,3.4,0.70,13.7
4,0,Bell Lake,15-6500-55194,49.81,-90.92,415,4162,30.9,34.4,9.5,3.25,6.3
4,0,Berens Lake,15-4525-57350,51.77,-93.69,339,2662,18.3,11.6,4.7,1.31,15.2
4,0,Bertaud Lake,15-6617-56410,50.90,-90.70,399,413,7.4,24.0,6.9,1.50,11.4
4,0,Big Fox Lake,15-4131-55595,50.18,-94.20,332,1624,19.3,33.7,7.8,1.89,11.3
4,0,Big Sandy Lake,15-5463-55189,49.82,-92.36,376,3808,9.5,41.0,20.3,3.50,7.2
4,0,Birch Lake,15-5452-56951,51.41,-92.35,399,11623,90.2,37.0,7.4,3.40,8.1
4,0,Birmingham Lake,15-5413-55979,50.53,-92.42,398,267,1.7,6.0,3.5,1.70,10.2
4,0,Blair Lake,15-4919-56922,51.37,-93.11,423,126,1.5,11.3,3.8,1.25,13.5
4,0,Bluffy Lake,15-5035-56302,50.83,-92.95,391,2487,14.3,15.3,4.4,1.25,16.0
4,0,Bury Lake,15-6143-55885,50.44,-91.39,393,474,3.8,17.0,6.9,1.25,11.8
4,0,Canyon Lake,15-4470-55367,49.98,-93.74,412,1698,15.4,19.8,6.8,4.00,7.0
4,0,Carling Lake,15-6217-56090,50.62,-91.28,399,1556,17.9,40.9,8.8,3.06,12.2
4,0,Cecil Lake,15-6164-54885,49.54,-91.39,442,1561,3.8,24.4,12.4,4.05,4.1
4,0,Clay Lake,15-4653-55440,50.05,-93.49,348,2755,16.0,21.9,7.9,0.95,11.5
4,0,Cliff Lake,15-4785-55574,50.17,-93.30,388,2236,17.6,34.1,9.2,3.75,6.4
4,0,Coli Lake,15-4589-56848,51.32,-93.59,417,2114,8.2,9.2,2.5,1.80,9.0
4,0,Confederation Lake,15-5210-56629,51.12,-92.70,411,2606,28.3,32.3,8.3,3.60,6.8
4,0,Confusion Lake,15-4187-56135,50.67,-94.15,361,1463,13.2,42.7,11.6,3.75,7.1
4,0,Conifer Lake,15-4270-56011,50.56,-94.03,365,1138,4.9,65.8,25.3,3.00,5.3
4,0,Crystal Lake,15-6321-55100,49.73,-91.17,439,116,1.3,4.6,1.9,1.80,14.8
4,0,Delaney Lake,15-4250-55493,50.09,-94.05,330,1278,6.2,81.4,22.8,5.38,3.6
4,0,Dowswell Lake,15-3786-56088,50.62,-94.72,393,196,2.2,23.5,7.5,1.50,12.6
4,0,Expanse Lake,15-5866-55770,50.34,-91.78,378,864,6.1,13.6,4.1,2.73,11.8
4,0,Eye Lake,15-4642-55404,50.02,-93.51,350,130,1.4,7.2,4.2,1.80,12.3
4,0,Fitchie Lake,15-6742-56100,50.62,-90.54,400,1148,15.5,19.2,4.6,1.60,11.3
4,0,Gary Lake,15-5060-55643,50.23,92.91,399,103,0.9,4.1,1.9,1.50,12.5
4,0,Gibraltar Lake,15-6378-55460,50.05,-91.08,421,109,0.9,3.0,2.0,1.50,
4,0,Gooch Lake,15-6046-55042,49.69,-91.55,425,143,1.4,2.8,1.4,0.75,17.7
4,0,Grace Lake,15-5349-56812,51.29,-92.50,418,476,5.6,10.8,4.1,2.35,11.3
4,0,Greenbush Lake,15-7043-56488,50.96,-90.09,397,2927,26.8,10.0,2.1,2.50,11.3
4,0,Hailstone Lake,15-5606-56722,51.20,-92.10,416,515,9.1,14.0,1.6,0.65,18.0
4,0,Hartman Lake,15-5396-55107,49.75,-92.45,399,518,1.9,8.2,4.2,2.75,5.9
4,0,Hik Lake,15-6060-55787,50.35,-91.51,399,127,2.1,6.3,2.2,1.96,10.5
4,0,Indian Lake,15-5965-54891,49.55,-91.67,415,4000,13.5,36.0,9.4,4.20,5.6
4,0,Jeanette Lake,15-5605-56599,51.09,-92.14,412,1581,11.0,12.5,4.3,2.25,10.2
4,0,Jubilee Lake,15-5433-56498,51.01,-92.40,398,978,4.3,27.3,8.7,2.50,11.6
4,0,Kirkness Lake,15-4356-57093,51.53,-93.93,405,2145,8.8,17.4,7.0,3.30,6.8
4,0,Kukukus Lake,15-5946-55139,49.77,-91.69,407,4168,28.0,19.5,5.0,2.80,7.9
4,0,Little Sandbar Lake,15-6059-54782,49.45,-91.54,425,218,2.0,7.0,2.7,2.10,7.7
4,0,Little Vermilion Lake,15-4414-56807,51.28,-93.84,378,5489,27.9,8.5,3.4,1.20,13.3
4,0,Longlegged Lake,15-4172-56262,50.78,-94.17,357,6760,46.5,35.4,8.9,3.00,7.7
4,0,Mameigwess Lake,15-5853-54894,49.55,-91.82,419,5242,13.7,50.0,16.1,5.90,2.4
4,0,Marchington Lake,15-6137-55606,50.19,-91.41,379,3369,29.9,33.5,7.2,2.90,13.0
4,0,Mattawa Lake,15-6457-55062,49.69,-90.98,432,1767,13.2,12.3,1.8,1.50,10.5
4,0,McCrea Lake,15-6908-56374,50.86,-90.29,392,4014,33.0,49.7,6.5,2.30,9.3
4,0,Minchin Lake,15-6733-56270,50.77,-90.54,399,1515,16.2,24.4,6.3,3.20,9.8
4,0,Miniss Lake,15-6523-56318,50.82,-90.84,399,6694,67.0,39.0,6.0,2.00,9.6
4,0,Mold Lake,15-5282-55495,50.10,-92.61,402,48,0.7,17.0,7.3,2.58,9.7
4,0,Mud Lake,15-5802-54916,49.57,-91.89,425,128,1.3,10.3,4.7,3.50,4.4
4,0,Nungesser Lake,15-4613-57020,51.47,-93.56,392,7417,38.1,15.2,4.9,1.40,11.7
4,0,Onnie Lake,15-4109-56434,50.94,-94.27,394,165,1.9,26.0,8.4,2.00,11.4
4,0,Otatakan Lake,15-5808-56326,50.84,-91.85,400,1520,12.0,8.5,4.7,1.81,17.6
4,0,Pakwash Lake,15-4660-56220,50.75,-93.48,348,8638,27.3,17.4,6.8,1.70,11.0
4,0,Pashkokogan Lake,15-6895-56512,50.98,-90.30,388,5508,33.3,14.9,3.0,2.30,9.4
4,0,Penassi Lake,15-6300-55346,49.95,-91.19,447,1446,10.3,27.1,6.6,2.50,11.1
4,0,Perrault Lake,15-4900-55708,50.29,-93.14,369,3302,15.2,24.4,9.5,3.70,8.3
4,0,Pikangikum Lake,15-4304-57399,51.81,-94.01,339,5430,31.0,21.0,4.6,1.20,11.0
4,0,Premier Lake,15-5213-56724,51.20,-92.69,417,152,2.0,24.0,8.4,2.60,7.3
4,0,Press Lake,15-6090-55164,49.79,-91.49,399,3646,23.4,22.0,5.6,1.37,10.9
4,0,Richardson Lake,15-5670-55575,50.17,-92.06,386,195,1.6,22.9,11.9,4.90,5.9
4,0,Rude Lake,15-6931-55274,49.87,-90.31,455,504,6.4,11.5,3.8,2.30,8.7
4,0,Savant Lake,15-6825-55952,50.48,-90.43,400,12524,115.2,53.0,7.9,3.30,7.3
4,0,Savoy Lake,15-6448-54598,49.28,-91.01,466,556,3.2,14.3,4.0,1.90,7.0
4,0,Selwyn Lake,15-6531-54804,49.46,-90.89,457,1003,10.4,9.8,1.9,1.75,9.4
4,0,Seseganaga Lake,15-6890-55500,50.07,-90.36,424,10651,118.1,42.3,5.6,1.80,8.8
4,0,Shabu Lake,15-5045-56849,51.32,-92.93,431,709,7.5,13.2,4.4,1.65,14.4
4,0,Shabumeni Lake,15-5267-56886,51.35,-92.64,398,2193,17.8,6.1,2.3,1.50,15.6
4,0,Silcox Lake,15-4741-57335,51.75,-93.38,358,874,3.9,6.1,3.2,1.10,9.8
4,0,Silver Lake,15-6881-55875,50.41,-90.35,408,153,3.2,10.0,2.7,2.10,12.0
4,0,Singapore Lake,15-6244-55581,50.16,-91.26,399,592,5.9,18.8,6.3,2.40,10.9
4,0,Smye Lake,15-6889-55829,50.37,-90.34,413,284,5.7,21.1,2.9,2.00,12.8
4,0,Sowden Lake,15-6304-54898,49.55,-91.20,430,3739,10.8,18.3,6.3,1.35,11.7
4,0,Spruce Lake,15-5394-55901,50.46,-92.44,399,115,1.3,13.0,4.1,1.55,17.3
4,0,Sturgeon Lake,15-6600-55380,49.97,-90.77,437,24048,164.0,93.0,13.6,4.30,6.3
4,0,Sup Lake,15-4602-55724,50.30,-93.56,358,676,3.4,19.2,8.1,2.61,9.3
4,0,Thaddeus Lake,15-5085-55575,50.17,-92.88,398,1566,3.5,16.2,8.5,4.00,6.3
4,0,Tide Lake,15-4305-55763,50.34,-93.98,343,1374,7.8,30.5,10.6,0.89,11.8
4,0,Tom Lake,15-4238-55430,50.04,-94.06,400,57,1.2,36.0,12.1,3.64,7.2
4,0,Towers Lake,15-6233-55269,49.89,-91.29,398,102,1.3,32.0,10.0,1.50,11.0
4,0,Trout Lake,15-4784-56717,51.20,-93.31,389,34518,120.7,47.3,13.7,4.65,4.4
4,0,Umfreville Lake,15-3754-55732,50.28,-94.81,321,14045,71.1,46.3,15.7,1.10,10.6
4,0,Unnamed Lake (FMZ04_01),15-5752-55022,49.67,91.96,425,64,0.9,5.5,2.8,2.50,
4,0,Upper Medicine Stone Lake,15-4255-56385,50.90,-94.06,413,1076,7.1,41.2,15.7,2.35,6.7
4,0,Victoria Lake,15-6048-54975,49.62,-91.55,426,926,5.5,28.1,8.9,3.30,6.4
4,0,Wabaskang Lake,15-4880-55820,50.39,-93.17,363,6150,31.4,28.7,7.6,3.80,8.6
4,0,Wapesi Lake,15-5464-56006,50.56,-92.35,391,2351,13.3,9.2,2.0,1.20,15.8
4,0,Wavell Lake,15-5209-57140,51.58,-92.70,385,806,3.3,23.0,9.5,1.50,15.4
4,0,Wawang Lake,15-6775-54775,49.43,-90.55,473,1963,9.5,26.5,6.5,3.40,4.0
4,0,Whitemud Lake,15-5192-56320,50.84,-92.73,388,1241,8.0,15.6,4.7,1.25,17.5
4,0,Wingiskus Lake,15-3543-56122,50.65,-95.06,335,692,5.1,19.0,7.7,3.20,12.1
4,0,Wintering Lake,15-6217-55096,49.73,-91.31,419,1654,10.9,15.9,5.3,0.80,13.8
4,0,Wyder Lake,15-3895-55970,50.52,-94.56,386,265,4.9,31.0,8.1,4.00,6.7
5,0,Aaron Lake,15-4640-55200,49.83,-93.50,399,57,0.6,18.0,7.2,8.00,
5,0,Abbess Lake,15-5970-53925,48.68,-91.68,433,134,2.4,37.2,13.0,3.14,7.9
5,0,Agnes Lake,15-6228-53450,48.25,-91.35,437,3012,27.7,79.3,18.0,6.00,3.9
5,0,Andy Lake,15-4216-54977,49.63,-94.09,368,163,2.2,14.6,6.0,3.70,8.1
5,0,Argo Lake,15-5888-53453,48.26,-91.80,412,940,7.4,55.5,20.2,8.00,2.5
5,0,Atikwa Lake,15-4602-54790,49.46,-93.55,358,5196,58.9,59.5,13.2,4.50,5.9
5,0,Augite Lake,15-4487-55234,49.86,-93.71,437,107,1.5,26.0,9.9,3.50,7.6
5,0,Bad Vermilion Lake,15-5236-53978,48.74,-92.68,347,1789,10.9,49.4,17.0,4.35,5.2
5,0,Base Lake,15-4185-55186,49.82,-94.12,378,55,1.3,19.8,7.1,2.50,7.1
5,0,Beaverhouse Lake,15-5662-53769,48.54,-92.10,371,1957,14.5,64.7,22.3,3.75,5.1
5,0,Bending Lake,15-5627-54632,49.32,-92.14,398,1147,10.3,45.8,12.5,4.10,8.0
5,0,Bethune Lake,15-6049-54231,48.95,-91.57,469,167,4.2,25.0,5.3,2.89,8.6
5,0,Big Island Lake,15-4298-55335,49.95,-93.98,412,129,1.9,31.5,12.3,4.00,5.8
5,0,Black Lake,15-4218-54877,49.54,-94.08,347,332,4.0,17.7,7.0,1.40,14.1
5,0,Black Sturgeon Lakes,15-3982-55227,49.85,-94.43,338,3071,24.9,36.6,8.0,3.00,7.2
5,0,Blackstone Lake,15-6386-53456,48.24,-91.14,479,194,3.4,30.2,9.4,3.20,6.6
5,0,Blindfold Lake,15-4100-55022,49.67,-94.25,343,504,9.5,16.8,3.3,1.00,8.5
5,0,Blueberry Lake,15-3755-55568,50.15,-94.74,334,125,1.6,4.9,2.5,1.25,12.4
5,0,Bluffpoint Lake,15-4725-54467,49.17,-93.38,371,504,6.6,38.1,10.4,3.74,6.4
5,0,Burditt Lake,15-4430-54221,48.95,-93.78,358,1448,10.0,23.5,9.7,4.09,5.7
5,0,Burt Lake,15-6075-53504,48.30,-91.55,433,737,6.8,75.1,22.4,5.80,3.4
5,0,Calder Lake,15-4610-54218,48.95,-93.53,368,101,1.7,14.6,5.7,2.20,11.0
5,0,Calm Lake,15-5676-54025,48.77,-92.08,403,2446,17.5,65.3,13.9,3.80,10.4
5,0,Captain Tom Lake,15-5503-53695,48.48,-92.32,365,189,2.2,21.4,6.2,1.60,15.6
5,0,Caviar Lake,15-4431-54685,49.37,-93.78,354,3170,37.3,39.6,9.1,3.70,5.7
5,0,Cedartree Lake,15-4375-54620,49.31,-93.86,356,532,5.7,18.0,7.0,7.00,4.4
5,0,Cirrus Lake,15-5747-53824,48.59,-91.99,392,2216,20.5,88.6,21.8,2.50,6.2
5,0,Clearwater West Lake,15-5755-54281,49.00,-91.97,448,3599,9.3,73.2,27.2,6.00,2.2
5,0,Crooked Pine Lake,15-6401-54050,48.78,-91.09,456,1673,14.6,16.2,6.1,3.72,7.6
5,0,Cross Lake,15-4115-55351,49.96,-94.23,407,108,1.6,26.2,8.3,4.50,7.2
5,0,Crowrock Lake,15-5858-54247,48.97,-91.83,448,1813,20.2,50.3,12.4,3.60,5.8
5,0,Crystal Lake,15-6263-53964,48.71,-91.28,436,624,3.3,47.0,15.9,7.70,2.4
5,0,Cygnet Lake,15-3653-55394,49.99,-94.88,331,1318,8.8,11.0,4.1,1.80,9.9
5,0,Daniels Lake,15-4399-55286,49.91,-93.84,416,1630,16.4,78.6,23.1,8.30,3.6
5,0,Dibble Lake,15-5704-54495,49.20,-92.03,415,1077,12.3,31.0,5.7,6.20,3.6
5,0,Dogpaw Lake,15-4342-54693,49.37,-93.91,351,1967,13.6,24.4,10.3,3.86,5.8
5,0,Dogtooth Lake,15-4148-55077,49.72,-94.18,362,2621,36.1,42.0,10.8,3.90,5.8
5,0,Dore Lake,15-5124-54968,49.63,-92.83,390,965,6.5,24.4,8.7,3.50,9.3
5,0,Dovetail Lake,15-5704-54143,48.88,-92.04,407,499,9.3,27.0,2.3,2.50,9.0
5,0,Dryberry Lake,15-4395-54864,49.53,-93.84,346,10239,67.0,105.5,22.1,7.50,3.6
5,0,Edward Lake,15-4606-55329,49.95,-93.55,399,534,3.6,7.9,3.4,1.20,7.8
5,0,Eltrut Lake,15-5429-54280,49.01,-92.41,378,2270,15.3,12.2,3.7,1.75,6.7
5,0,Entwine Lake,15-5231-54423,49.14,-92.68,398,1710,14.8,70.1,21.9,3.93,5.9
5,0,Eva Lake,15-6340-53970,48.71,-91.18,438,1726,11.5,54.9,13.2,5.00,10.5
5,0,Factor Lake,15-5688-53944,48.70,-92.06,428,640,5.5,49.4,14.5,5.10,4.3
5,0,Farley Lake,15-6317-54251,48.96,-91.20,428,68,1.1,4.8,1.8,1.30,15.7
5,0,Finlayson Lake,15-6034-54181,48.91,-91.59,418,1459,14.7,51.9,16.3,2.50,10.9
5,0,Godson Lake,15-5172-54948,49.61,-92.76,399,260,2.0,6.1,3.0,1.50,11.5
5,0,Grey Trout Lake,15-5670-54304,49.02,-92.08,463,1333,9.1,48.8,17.0,5.50,2.5
5,0,Gullwing Lake,15-5293-55287,49.91,-92.59,390,2454,7.2,27.5,16.9,2.30,8.8
5,0,Hawk Lake,15-4279-55138,49.77,-94.00,393,887,7.9,102.7,27.5,7.04,3.9
5,0,Horseshoe Lake,15-5833-54665,49.35,-91.85,468,104,1.4,19.9,5.4,1.90,
5,0,Irene Lake,15-6015-54420,49.12,-91.61,452,1428,6.3,81.1,25.3,5.20,3.6
5,0,Jackfish Lake,15-5849-54406,49.11,-91.84,449,144,1.2,16.0,8.4,3.89,4.1
5,0,Jean Lake,15-5958-53772,48.54,-91.70,380,1340,11.6,77.6,17.0,4.60,4.6
5,0,Kahshahpiwi Lake,15-6126-53450,48.24,-91.48,412,538,7.7,85.7,18.2,3.75,3.6
5,0,Kaiashkons Lake,15-4710-54335,49.06,-93.40,359,2025,8.9,58.0,24.5,6.65,3.8
5,0,Kakagi Lake,15-4390-54514,49.21,-93.84,356,11062,73.0,58.0,20.6,8.60,2.7
5,0,Katimiagamak Lake,15-4479-54411,49.12,-93.71,377,1079,10.5,76.3,23.1,5.30,4.2
5,0,Kay Lake,15-6111-54547,49.24,-91.47,455,347,4.9,29.9,6.9,2.30,8.3
5,0,Lawrence Lake,15-4729-54570,49.27,-93.37,367,1877,16.3,76.2,22.2,4.20,8.6
5,0,Lilac Lake,15-5464-53494,48.30,-92.37,357,294,1.4,23.0,10.6,3.00,5.6
5,0,Little Gordon Lake,15-4452-55268,49.89,-93.76,436,179,1.1,46.7,17.3,7.50,3.6
5,0,Little Kishkutena Lake,15-4403-54276,49.00,-93.81,393,64,1.1,5.4,2.5,1.91,9.2
5,0,Little Turtle Lake,15-5221-54041,48.79,-92.70,349,2306,16.4,9.2,3.6,1.15,7.7
5,0,Long Lake,15-5477-54774,49.45,-92.34,405,1827,8.7,32.9,14.0,8.60,4.3
5,0,Longbow Lake,15-4058-55081,49.72,-94.31,346,695,6.0,22.9,6.6,2.30,9.0
5,0,Loonhaunt Lake,15-4632-54287,49.01,-93.50,358,2095,16.4,47.3,11.3,4.26,6.1
5,0,Louisa Lake,15-6250-53348,48.16,-91.32,436,719,5.6,76.3,21.1,4.75,3.4
5,0,Lower Manitou Lake,15-5023-54567,49.26,-92.97,385,8872,75.3,81.0,19.9,6.20,4.8
5,0,Malachi Lake,15-3559-55281,49.89,-95.01,333,1054,6.7,19.8,7.9,3.10,8.4
5,0,Manion Lake,15-5502-54176,48.91,-92.32,393,1138,5.6,12.0,5.6,2.20,7.2
5,0,Marmion Lake,15-6065-54144,48.88,-91.55,421,3960,46.7,24.4,6.2,6.30,4.8
5,0,McAree Lake,15-5787-53500,48.30,-91.94,407,879,9.8,37.2,12.7,4.00,8.4
5,0,McEwen Lake,15-6348-53492,48.29,-91.18,425,630,6.3,45.0,11.6,3.00,6.6
5,0,Mercutio Lake,15-6383-54085,48.82,-91.12,441,1669,22.3,15.3,4.9,2.50,9.6
5,0,Mount Lake,15-5600-54290,49.01,-92.18,397,1017,5.9,37.2,12.8,3.20,5.3
5,0,Mountain Lake,15-5085-54773,49.45,-92.88,398,56,0.9,3.0,1.6,1.20,
5,0,NL,15-5684-54631,49.32,-92.06,403,114,0.9,5.2,2.3,1.20,
5,0,Nora Lake,15-5842-54507,49.21,-91.84,425,1613,11.0,55.2,16.2,6.40,4.1
5,0,Nym Lake,15-6136-53934,48.69,-91.46,423,1793,22.1,37.2,8.7,4.50,5.1
5,0,Off Lake,15-4396-54165,48.90,-93.82,369,445,2.7,12.2,4.9,1.90,13.7
5,0,Old Man Lake,15-4124-55428,50.03,-94.22,357,161,2.0,23.0,6.1,3.00,6.3
5,0,Olifaunt Lake,15-6144-53765,48.53,-91.45,394,557,3.4,39.4,12.9,4.20,6.7
5,0,Other Man Lake,15-6375-53394,48.20,-91.15,469,175,3.4,32.6,10.9,4.00,4.5
5,0,Otukamamoan Lake,15-5100-54230,48.96,-92.86,364,5026,36.7,53.7,16.9,4.72,8.3
5,0,Pelicanpouch Lake,15-3662-55240,49.86,-94.86,333,1125,12.7,9.2,3.6,2.50,10.8
5,0,Perch Lake,15-5849-53998,48.75,-91.84,398,761,7.0,24.7,5.9,3.14,9.9
5,0,Pettit Lake,15-5537-54222,48.95,-92.27,388,1113,5.3,25.0,9.0,5.50,5.6
5,0,Pickerel Lake,15-3654-55172,49.79,-94.87,366,602,6.1,27.5,7.4,4.25,6.2
5,0,Pickerel Lake,15-6146-53867,48.62,-91.44,410,5356,46.9,74.7,17.7,3.30,6.8
5,0,Pipestone Lake,15-4595-54375,49.09,-93.55,354,3659,38.4,53.4,18.6,4.31,6.0
5,0,Plum Lake,15-4127-55299,49.91,-94.21,364,74,1.1,11.9,4.7,2.30,
5,0,Poohbah Lake,15-5975-53595,48.38,-91.68,387,1517,11.0,70.0,16.1,5.00,5.2
5,0,Populus Lake,15-4557-54838,49.51,-93.61,362,694,11.7,39.0,8.2,2.40,8.1
5,0,Porcus Lake,15-4390-55083,49.73,-93.85,394,525,3.2,53.3,21.1,6.63,4.2
5,0,Priam Lake,15-4745-54662,49.35,-93.35,365,285,3.2,25.0,7.0,3.90,9.9
5,0,Rawn Re.,15-6076-54043,48.78,-91.54,419,210,2.8,16.0,4.2,2.80,9.3
5,0,Rowan Lake,15-4593-54629,49.32,-93.56,353,5105,46.9,39.7,10.3,5.50,7.2
5,0,Rugby Lake,15-5026-55337,49.96,-92.96,391,1020,6.2,7.6,3.4,0.80,4.2
5,0,Saganagons Lake,15-6508-53496,48.31,-90.92,452,2470,33.6,31.3,6.9,3.20,7.2
5,0,Sandbeach Lake,15-5586-54227,48.96,-92.20,395,667,3.0,54.9,20.7,3.20,7.2
5,0,Sandford Lake,15-5955-54404,49.11,-91.69,445,2912,13.0,114.7,36.8,10.00,1.8
5,0,Sarah Lake,15-6052-53411,48.20,-91.59,422,945,8.4,50.9,16.8,5.25,3.6
5,0,Sawbill B.,15-6135-54228,48.96,-91.44,432,5516,77.4,30.5,6.3,1.90,10.6
5,0,Schistose Lake,15-4562-54445,49.15,-93.60,366,338,3.7,53.0,16.6,4.90,6.1
5,0,Scotch Lake,15-6345-54482,49.17,-91.15,478,1254,9.0,27.8,9.2,2.10,7.4
5,0,Sheridan Lake,15-6253-53286,48.10,-91.32,421,83,1.3,29.7,11.9,4.25,5.0
5,0,Shrub Lake,15-4351-55357,49.97,-93.91,408,550,7.1,26.0,9.0,2.50,5.9
5,0,Silver Lake,15-4153-55253,49.88,-94.18,356,2578,8.1,91.5,39.0,5.43,3.6
5,0,Snook Lake,15-3795-55615,50.20,-94.69,357,302,3.8,37.2,14.2,2.00,9.7
5,0,South Scot Lake,15-3523-55336,49.94,-95.06,343,397,4.4,10.0,3.5,1.45,12.4
5,0,Stormy Lake,15-5503-54708,49.39,-92.31,394,3433,19.1,36.6,12.6,4.50,4.9
5,0,Tadpole Lake,15-4785-54790,49.47,-93.30,398,522,5.8,36.0,9.6,4.50,6.3
5,0,This Man Lake,15-6332-53357,48.16,-91.21,446,318,6.4,39.3,11.7,4.40,4.9
5,0,Thompson Lake,15-5527-53591,48.39,-92.29,356,927,7.4,37.0,10.4,4.20,5.1
5,0,Thunder Lake,15-5241-55137,49.78,-92.67,387,1118,3.6,23.5,11.1,3.75,6.4
5,0,Turtle Lake,15-5770-54220,48.95,-91.95,441,1209,9.5,18.3,6.3,3.30,5.8
5,0,Union Lake,15-6493-54089,48.83,-90.96,449,278,3.1,14.0,3.8,1.70,10.4
5,0,Unnamed Lake (NL_Kenora),15-4356-54806,49.47,93.89,357,176,2.2,14.5,5.5,1.40,12.4
5,0,Upper Manitou Lake,15-5149-54725,49.41,-92.80,385,5310,40.2,56.0,17.2,5.50,4.3
5,0,Vista Lake,15-4943-54343,49.06,-93.08,396,557,6.8,68.9,13.1,4.93,5.9
5,0,Wapageisi Lake,15-5472-54633,49.32,-92.35,413,1305,9.9,48.8,11.1,5.00,5.1
5,0,Wasaw Lake,15-4579-53993,48.75,-93.57,362,170,1.3,10.7,4.6,1.07,19.2
5,0,West Jackfish Lake,15-4512-54200,48.94,-93.66,357,1941,21.6,18.3,5.3,3.16,10.0
5,0,White Otter Lake,15-5816-54402,49.11,-91.88,456,8467,37.6,56.4,22.1,6.21,3.1
5,0,Whitefish Lake,15-3532-55170,49.79,-95.04,366,216,3.4,20.1,7.0,2.50,6.8
5,0,Whitewater Lake,15-5275-54864,49.53,-92.62,397,111,1.3,17.0,10.0,4.50,3.4
5,0,Windermere Lake,15-4417-55173,49.81,-93.81,428,93,1.9,49.1,11.6,3.80,4.3
5,0,Winnange Lake,15-4495-55118,49.76,-93.70,387,2439,17.1,115.2,27.2,7.80,3.3
5,0,Your Lake,15-5813-53685,48.47,-91.89,418,162,2.7,20.8,5.1,4.00,9.2
6,0,Addie Lake,15-6910-53378,48.17,-90.43,484,117,1.3,3.7,2.1,2.67,7.6
6,Superior,Arrow Lake,15-7025-53379,48.16,-90.28,500,3234,13.0,54.9,17.8,6.63,2.9
6,Superior,Arrowroot Lake,16-3431-54406,49.11,-89.16,485,177,2.2,13.7,3.3,2.50,16.0
6,Superior,Athelstane Lake,15-7050-54058,48.77,-90.21,474,1765,7.2,32.9,9.4,3.00,6.6
6,0,Barbara Lake,16-2858-55459,50.03,89.99,455,103,1.2,17.2,5.0,2.50,8.1
6,Superior,Batwing Lake,15-7091-53688,48.44,-90.17,485,615,4.9,14.9,6.6,2.80,9.8
6,Superior,Beatty Lake,16-4566-55070,49.72,-87.60,332,652,6.8,27.5,6.1,4.50,3.1
6,0,Bedivere Lake,15-6578-54141,48.86,-90.85,472,2226,19.2,12.5,5.2,2.15,11.5
6,Superior,Bisect Lake,16-3706-53956,48.70,-88.76,425,35,1.2,13.1,5.9,3.75,7.3
6,Superior,Black Sturgeon Lake,16-3634-54687,49.36,-88.88,258,4874,11.1,52.4,18.5,2.50,10.7
6,Superior,Blunder Lake,15-7020-53669,48.42,-90.27,474,126,1.2,6.7,2.6,1.15,15.0
6,0,Brightsand Lake,15-6869-55111,49.73,-90.41,452,1099,7.3,15.3,4.1,1.65,8.1
6,Superior,Bukemiga Lake,16-3411-55531,50.11,-89.22,322,795,5.1,44.5,11.3,2.15,11.3
6,0,Burchell Lake,15-6747-53842,48.59,-90.63,437,1045,5.3,74.7,24.3,5.00,4.8
6,Superior,Circle Lake,16-3534-54692,49.36,-89.02,300,386,2.2,15.0,5.2,1.20,11.5
6,Superior,Cliff Lake,16-3700-54335,49.04,-88.78,371,41,0.5,12.0,5.4,3.90,4.8
6,Superior,Crayfish Lake,15-6758-53944,48.68,-90.61,482,541,8.7,17.5,3.6,3.50,7.6
6,Superior,Crevasse Lake,16-3297-55263,49.87,-89.37,355,117,1.6,73.0,23.3,3.75,5.5
6,Superior,Cry Lake,16-3557-55322,49.93,-89.01,342,245,1.5,47.6,22.2,9.50,2.6
6,Superior,"des Iles, La.",16-3103-54530,49.20,-89.60,483,1558,19.2,30.0,5.3,2.75,9.9
6,0,"des Mille Lacs, La.",15-6827-54135,48.85,-90.51,512,24511,144.3,24.4,6.8,1.45,16.1
6,Superior,Dog Lake,16-3132-54041,48.76,-89.54,413,14552,64.4,117.0,29.6,1.90,11.5
6,Superior,Elbow Lake,16-4433-55531,50.13,-87.79,301,317,4.5,38.4,8.8,1.50,11.9
6,0,Empire Lake,15-6979-55108,49.72,-90.25,456,681,7.3,23.5,6.0,3.00,6.0
6,Superior,Frank Lake,16-4359-55570,50.16,-87.90,326,512,3.9,4.6,2.9,2.50,13.1
6,Superior,Frazer Lake,16-3884-54562,49.25,-88.53,325,1968,7.2,12.2,5.3,2.89,6.4
6,Superior,Gennis Lake,16-3319-54724,49.39,-89.33,445,112,0.9,7.1,3.3,2.90,8.0
6,0,Grassy Lake,15-6959-55251,49.85,90.27,457,427,5.3,16.8,4.8,3.10,9.6
6,Superior,Greenwater Lake,15-6904-53837,48.58,-90.42,451,3407,15.2,54.9,18.1,4.47,4.2
6,Superior,Grew Lake,15-7088-54764,49.41,-90.12,484,280,5.2,14.0,4.0,1.50,8.0
6,0,Grouse Lake,15-6812-53794,48.54,-90.54,477,87,1.1,38.4,15.7,,
6,0,Harmon Lake,15-6985-55358,49.94,-90.23,446,2947,33.2,47.0,12.8,2.50,8.9
6,Superior,Hawkeye Lake,16-3199-53954,48.69,-89.45,447,431,3.8,33.6,11.7,2.80,8.6
6,Superior,Holinshead Lake,16-3069-55034,49.65,-89.68,421,1958,14.5,16.8,5.3,2.25,12.5
6,Superior,Holly Lake,15-7111-54802,49.44,-90.09,472,303,3.0,10.0,2.9,2.50,8.0
6,0,Jacob Lake,15-6979-53586,48.35,-90.33,475,173,1.9,11.0,3.5,2.50,9.0
6,Superior,Jolly Lake,16-3207-54488,49.17,-89.46,456,101,1.2,5.0,2.1,2.23,10.0
6,Superior,Kashabowie Lake,15-6913-53983,48.71,-90.40,461,2163,19.8,35.0,7.4,2.30,10.4
6,0,Kawaweogama Lake,15-7008-55644,50.20,-90.19,445,3525,25.0,15.5,3.2,2.25,8.6
6,Superior,Kearns Lake,15-7163-54881,49.51,-90.01,465,932,6.9,15.3,5.4,1.75,8.9
6,Superior,Kekekuab Lake,15-7067-53777,48.52,-90.20,446,546,3.8,3.0,1.2,0.90,12.3
6,0,Lac du Milieu,15-7307-50900,48.93,-90.00,468,121,1.5,5.3,1.6,1.25,13.7
6,0,Little Metionga Lake,15-6767-55061,49.68,-90.54,458,725,5.2,20.6,3.5,1.40,10.8
6,Superior,Loganberry Lake,15-7085-54809,49.45,-90.12,479,427,6.7,9.0,2.9,1.85,9.0
6,Superior,Maggotte Lake,16-3237-55525,50.10,-89.47,389,115,1.4,24.0,7.4,1.50,12.3
6,Superior,Marie Louise Lake,16-3666-53602,48.38,-88.80,222,776,3.0,15.2,6.7,2.89,7.5
6,Superior,Marks Lake,16-2901-53647,48.40,-89.84,542,39,0.6,13.9,3.6,1.63,11.9
6,0,Metionga Lake,15-6824-55113,49.73,-90.47,452,1994,16.0,27.0,6.5,2.00,9.5
6,Superior,Muskeg Lake,15-7156-54333,49.02,-90.05,480,3494,11.1,12.2,4.7,1.75,10.6
6,Superior,Muskrat Lake,16-3593-54568,49.25,-88.94,294,503,2.1,7.6,4.0,2.06,11.2
6,Superior,Nalla Lake,16-3680-53921,48.67,-88.79,406,46,0.6,21.0,8.3,4.38,8.0
6,0,Nelson Lake,15-6828-53703,48.46,-90.53,475,653,3.1,11.8,5.7,1.90,13.3
6,0,North Lake,15-6844-53328,48.12,-90.52,516,1054,5.9,36.0,15.3,6.00,3.3
6,0,Northern Light Lake,15-6723-53466,48.25,-90.68,446,6622,56.9,39.7,8.4,4.80,11.9
6,Superior,Obonga Lake,16-3346-55390,49.98,-89.31,310,3730,17.0,71.7,16.1,2.75,10.1
6,0,Pakashkan Lake,15-6981-54703,49.36,-90.27,480,5177,48.1,21.4,4.1,2.25,6.6
6,Superior,Penassen Lakes,16-3488-53829,48.58,-89.05,501,41,0.7,14.0,2.7,2.60,7.6
6,Superior,Pinel Lake,16-4521-55219,49.86,-87.67,343,86,1.3,27.7,1.9,1.30,14.0
6,Superior,Purdom Lake,16-3964-54451,49.15,-88.42,292,244,4.1,8.2,3.2,2.50,10.9
6,Superior,Randolph Lake,16-3610-55699,50.28,-88.96,358,126,1.6,15.4,7.8,2.25,6.2
6,Superior,Ricestalk Lake,15-7080-54418,49.10,-90.15,485,266,1.1,1.2,0.6,1.00,16.1
6,Superior,Rinker Lake,16-3223-54503,49.18,-89.44,450,122,1.3,12.0,3.7,2.23,10.0
6,Superior,Sandison Lake,16-3076-55545,50.11,-89.69,439,310,5.1,13.5,4.5,1.50,10.5
6,Superior,Sandstone Lake,15-7053-53459,48.24,-90.24,477,730,3.3,23.8,7.3,2.55,6.9
6,0,Shawanabis Lake,16-3240-55701,50.26,-89.47,375,941,11.5,41.1,9.8,1.75,9.1
6,Superior,Shebandowan Lakes,15-6988-53913,48.65,-90.30,481,5972,42.4,36.6,6.1,3.10,6.7
6,Superior,Snowshoe Lake,16-3646-55478,50.07,-88.89,305,228,1.9,16.0,7.2,2.25,9.9
6,0,Sparkling Lake,15-7031-55216,49.81,-90.18,457,1222,14.3,30.5,9.7,1.62,8.0
6,0,Sunbow Lake,15-6843-53443,48.23,-90.52,482,560,5.9,21.4,5.2,2.50,8.6
6,0,Titmarsh Lake,15-6832-53585,48.35,-90.53,469,968,3.7,49.4,13.6,3.80,6.0
6,Superior,Unknown Lake,16-3744-54268,48.98,-88.72,317,75,0.6,25.0,7.7,8.50,3.1
6,Superior,Upper Hunters Lake,16-3723-53954,48.70,-88.74,427,27,0.9,8.2,1.8,4.14,6.9
6,Superior,Wabinosh Lake,16-3576-55491,50.08,-88.99,265,1727,3.7,38.5,10.5,2.00,8.8
6,Superior,Walotka Lake,16-3483-54344,49.05,-89.08,458,94,0.7,23.0,9.8,4.70,5.7
6,0,Wapikaimaski Lake,15-7048-55476,50.05,-90.14,442,3290,46.9,61.5,7.9,2.00,10.0
6,0,Watershed Lake,15-6815-53784,48.53,-90.54,477,172,1.3,12.2,4.2,,
6,Superior,Waweig Lake,16-3500-55543,50.12,-89.10,311,1152,4.6,42.7,15.2,3.00,6.5
6,Superior,Weewullee Lake,16-4332-55499,50.09,-87.93,310,55,0.7,45.0,15.4,3.00,4.8
6,0,Weikwabinonaw Lake,15-6958-53562,48.33,-90.36,464,1236,13.0,15.2,5.9,3.00,10.4
6,Superior,West Arm Armistice Lake,16-2832-54685,49.33,89.98,485,180,3.5,23.0,5.3,1.75,13.2
6,Superior,Whitefish Lake,16-2773-53446,48.22,-90.00,419,2871,7.2,6.4,2.0,2.89,5.1
7,Superior,Barbara Lake,16-4420-54651,49.34,-87.80,416,2348,18.7,54.9,14.0,5.00,8.0
7,0,Bittern Lake,17-3334-53694,48.46,-83.25,331,99,1.5,18.9,5.1,3.50,6.6
7,Superior,Buckaday Lake,16-4450-54254,48.98,-87.75,345,95,1.7,33.6,7.1,3.00,10.3
7,0,Burrows Lake,16-5188-55331,49.95,-86.74,319,1759,8.8,18.3,2.9,2.90,11.8
7,Superior,Cairngorm Lake,16-5042-54260,48.99,-86.94,358,700,10.8,61.0,14.7,4.50,8.6
7,0,Cameron Lake,16-6991-54320,49.01,-84.28,329,2215,5.3,6.4,2.2,2.50,7.9
7,0,Catlonite Lake,16-4995-54471,49.18,-87.01,384,326,4.3,35.1,11.0,2.10,11.7
7,0,Chipman Lake,16-5538-55350,49.98,-86.24,291,2701,12.9,55.7,14.7,3.20,11.3
7,Superior,Como Lake,17-3120-53099,47.92,-83.52,452,1605,6.4,26.0,9.4,7.00,7.1
7,Superior,Dayohessarah Lake,16-6447-54048,48.78,-85.03,389,1171,7.8,26.6,10.1,7.40,5.4
7,Superior,Dog Lake,16-7139-53538,48.30,-84.12,351,5296,40.7,75.9,12.0,4.00,6.4
7,Superior,Ellen Lake,16-6192-53335,48.15,-85.40,455,98,3.1,57.6,14.9,3.20,9.4
7,0,Gull Lake,16-7102-54270,48.96,-84.13,339,108,0.9,5.9,2.2,2.50,11.2
7,0,Haken Lake,16-6683-54413,49.10,-84.69,318,119,1.8,12.2,3.5,3.70,7.9
7,0,Hiawatha Lake,16-6439-54864,49.52,-85.01,335,161,2.2,11.0,3.9,4.00,9.5
7,Superior,Jackfish Lake,16-6052-53171,48.00,-85.59,396,42,1.0,25.0,5.6,2.90,7.9
7,Superior,Kagiano Lake,16-5412-54570,49.31,-86.41,333,1487,15.1,43.1,7.5,3.20,10.2
7,0,Kenogamisis Lake,16-5087-55041,49.69,-86.88,323,4251,31.2,9.2,1.9,2.89,11.8
7,Superior,Kilgour Lake,16-4348-54546,49.24,-87.90,442,96,1.4,23.2,8.1,2.40,14.2
7,0,Klotz Lake,16-5818-55170,49.80,-85.86,298,786,4.4,19.8,7.8,3.00,10.9
7,Superior,Kwinkwaga Lake,16-6225-54072,48.81,-85.33,348,857,8.5,36.6,6.6,3.25,7.6
7,Superior,Lena Lake,16-6727-53244,48.05,-84.68,390,92,1.3,38.1,11.0,8.90,3.7
7,0,Long Lake,16-5079-54800,49.48,-86.89,323,13499,49.6,186.1,39.2,4.40,10.2
7,Superior,McKay Lake,16-5406-54956,49.61,-86.44,333,3156,22.5,48.8,9.4,5.50,8.7
7,0,Missinaibi Lake,17-3006-53592,48.36,-83.69,321,8111,43.4,94.0,19.2,3.50,9.7
7,0,Nagagami Lake,16-6420-54760,49.42,-85.04,296,5374,11.3,27.5,7.5,3.00,9.3
7,0,Nagagamisis Lake,16-6697-54829,49.48,-84.66,279,2481,11.2,8.2,3.8,3.60,6.5
7,0,Nameigos Lake,16-6678-54040,48.77,-84.72,360,1342,7.6,4.0,2.0,2.20,9.6
7,Superior,North McCrea Lake,16-6121-53610,48.39,-85.49,497,110,0.8,15.9,5.6,2.60,8.0
7,Superior,Onaman Lake,16-4688-55390,50.00,-87.44,336,11062,41.9,18.9,2.2,1.30,9.0
7,0,Pagwachuan Lake,16-5657-55074,49.72,-86.09,299,2674,8.3,53.9,19.0,4.90,
7,Superior,Parks Lake,16-4548-54782,49.46,-87.62,461,1338,13.4,21.4,2.8,2.60,11.0
7,Superior,Partridge Lake,16-6094-53522,48.32,-85.52,424,30,0.4,14.9,5.1,3.00,7.0
7,0,"Placid, Lake",16-6583-54325,49.03,-84.83,341,105,1.2,10.0,3.7,3.20,4.4
7,0,Shacabac Lake,16-5774-55353,49.97,-85.92,274,770,3.7,6.4,1.6,2.10,13.2
7,0,Shekak Lake,16-6398-54390,49.09,-85.09,357,749,4.0,14.6,2.9,3.20,8.3
7,Superior,South Beatty Lake,16-4747-54847,49.52,-87.35,384,286,2.9,5.9,2.6,2.10,13.3
7,0,South Greenhill Lake,17-2866-53707,48.46,-83.89,373,110,1.5,7.0,3.2,1.60,13.8
7,Superior,Strickland Lake,16-6497-54012,48.75,-84.96,470,219,4.4,32.1,5.2,4.90,7.9
7,0,Tatnall Lake,16-7122-53960,48.68,-84.12,385,150,2.2,20.0,5.3,2.80,10.6
7,Superior,Tocheri Lake,16-6348-54346,49.05,-85.15,359,873,5.2,4.6,1.3,2.40,8.4
7,Superior,Wawa Lake,16-6699-53200,48.01,-84.72,291,668,3.6,32.9,15.6,9.50,3.6
7,Superior,West Kabenung Lake,16-6450-53469,48.26,-85.05,420,814,10.7,18.3,4.3,3.70,11.9
7,Superior,White Lake,16-6003-54025,48.77,-85.64,326,6056,29.0,48.8,8.7,4.20,9.2
7,Superior,White Otter Lake,16-6053-54810,49.47,-85.55,300,500,3.5,9.8,2.8,3.20,9.7
7,0,Wig Lake,16-4824-54701,49.39,-87.24,391,412,1.6,9.8,3.2,3.00,11.2
7,Superior,Wildgoose Lake,16-4882-55089,49.73,-87.16,350,1717,12.6,15.9,3.6,4.05,8.7
7,0,Wintering Lake,16-4802-54759,49.44,-87.27,392,1709,10.7,36.6,4.8,2.75,10.5
7,0,Woodosgoon Lake,17-2837-53860,48.59,-83.93,423,120,1.4,12.5,3.6,2.90,10.1
8,0,"20J-33, Lake",17-5694-55282,49.90,-80.03,306,171,1.8,2.2,1.2,2.30,9.6
8,0,"Abitibi, Lake",17-5851-53899,48.66,-79.85,272,90484,179.2,15.3,3.5,0.10,11.8
8,0,Borden Lake,17-3280-52990,47.82,-83.30,433,1632,18.5,45.8,7.1,6.00,4.1
8,0,Burntbush Lake,17-5735-54944,49.60,-79.98,,128,1.6,1.0,0.8,1.40,18.6
8,0,Carty Lake,17-3736-53361,48.17,-82.70,350,625,6.5,16.0,5.7,4.00,12.3
8,0,Cree Lake,17-3714-52934,47.77,-82.71,397,509,4.9,10.7,3.8,4.50,6.7
8,0,Dumbell Lake,17-4935-53022,47.87,-81.09,356,174,1.7,10.0,3.9,3.25,8.6
8,UpperStLawrence,Duncan Lake,17-5026-52889,47.76,-80.97,338,983,13.6,40.2,7.5,4.10,6.0
8,0,Fortune Lake,17-4339-53837,48.60,-81.90,311,112,0.8,17.4,6.7,7.60,4.6
8,0,Frederick House Lake,17-5046-53895,48.66,-80.94,263,3858,5.5,17.4,3.0,0.30,13.7
8,0,Guilfoyle Lake,17-4019-55121,49.76,-82.36,210,769,2.7,8.0,3.9,2.00,8.7
8,0,Hanson Lake,17-3804-53044,47.88,-82.60,390,159,2.6,11.0,3.4,4.25,7.0
8,0,Horwood Lake,17-4010-53144,47.98,-82.33,365,5412,34.2,50.7,6.4,2.50,11.9
8,0,Humestone Lake,17-5202-54735,49.42,-80.72,302,95,1.0,3.7,1.2,2.10,16.8
8,0,Indian Lake,17-4553-53202,48.04,-81.60,361,54,0.7,11.0,4.0,2.37,11.6
8,0,Ivanhoe Lake,17-3788-53266,48.08,-82.63,440,1370,9.7,24.0,6.9,2.40,8.9
8,0,Kapuskasing Lake,17-3563-53717,48.48,-82.94,319,1822,7.4,11.0,2.1,1.30,10.6
8,0,Katagi Lake,17-4271-53064,47.91,-81.98,413,252,4.8,18.0,4.5,3.90,13.1
8,0,Kenogamissi Lake,17-4591-53367,48.18,-81.55,350,2492,22.2,26.2,4.3,2.50,9.9
8,0,Kesagami Lake,17-5547-55801,50.37,-80.23,255,17402,36.8,7.5,2.3,1.00,11.6
8,UpperStLawrence,Larder Lake,17-6010-53265,48.09,-79.64,287,3711,17.7,33.5,12.3,3.75,5.8
8,0,Lawagamau Lake,17-5662-55201,49.83,-80.08,296,2570,9.9,6.0,1.1,1.20,15.0
8,0,Legault's Lake,17-4572-54649,49.34,-81.59,244,25,0.6,9.6,2.9,1.50,18.3
8,0,Little Kesagami Lake,17-5521-55108,49.75,-80.28,301,513,2.8,18.0,6.9,3.10,8.6
8,0,Little Ridley Lake,17-3730-53082,47.91,-82.69,418,59,1.5,7.8,2.1,1.95,12.5
8,0,Lower Minnipuka Lake,17-2953-54198,48.90,-83.79,323,251,4.2,5.8,1.6,2.15,13.8
8,0,Makami Lake,17-4372-52874,47.74,-81.84,364,179,4.5,14.0,2.3,4.10,11.7
8,0,Mesomikenda Lake,17-4340-52773,47.65,-81.88,370,1696,21.3,71.4,13.6,2.80,7.3
8,UpperStLawrence,Mistinikon Lake,17-5196-53085,47.93,-80.74,319,1282,19.4,36.6,5.9,4.07,10.4
8,0,Montreuil Lake,17-5149-54886,49.55,-80.79,255,503,4.4,22.0,4.0,2.50,15.7
8,0,Muskasenda Lake,17-4773-53267,48.09,-81.30,323,480,5.3,42.7,8.4,3.20,9.1
8,0,Nemegosenda Lake,17-3426-53189,48.01,-83.11,326,1821,4.4,93.0,26.1,4.14,8.4
8,0,Night Hawk Lake,17-5018-53686,48.47,-80.98,272,10849,31.1,4.6,1.7,2.10,13.7
8,0,Opeepeesway Lake,17-4061-52742,47.63,-82.24,384,2062,16.0,14.5,3.2,2.20,11.7
8,0,Radisson Lake,17-5180-53389,48.21,-80.76,329,557,3.8,51.8,14.5,4.25,4.8
8,UpperStLawrence,Raven Lake,17-6079-53230,48.05,-79.55,270,581,3.8,46.9,19.0,4.10,6.7
8,0,Rice Lake,17-4148-52820,47.69,-82.13,388,2466,23.9,11.5,3.1,2.30,8.5
8,0,Rollo Lake,17-3767-53044,47.88,-82.65,425,808,4.3,53.0,14.5,4.28,6.9
8,UpperStLawrence,Round Lake,17-5717-53183,48.02,-80.04,272,1183,3.3,36.0,17.2,2.80,9.1
8,0,Sand Lake,17-5208-55103,49.75,-80.71,278,144,1.8,12.2,2.7,2.70,10.8
8,UpperStLawrence,Shillington Lake,17-5265-52901,47.77,-80.65,327,119,1.9,34.7,11.2,3.80,6.9
8,UpperStLawrence,St. Anthony Lake,17-5962-53128,47.96,-79.71,301,495,2.9,30.5,10.1,3.30,6.2
8,0,Sweetwater Lake,17-3844-53694,48.47,-82.56,334,67,0.6,6.0,3.2,5.00,5.2
8,0,Wasicho Lake,17-5590-54756,49.43,-80.19,300,168,1.6,1.4,0.9,2.50,11.9
8,0,Watabeag Lake,17-5314-53425,48.24,-80.58,331,2043,15.3,36.6,8.9,5.80,6.1
8,0,Zadi Lake,17-3790-55066,49.70,-82.68,218,654,2.3,4.6,1.6,0.70,18.9
10,Superior,Achigan Lake,16-7134-51997,46.92,-84.20,433,290,1.9,44.2,12.4,4.20,3.8
10,Superior,Adelaide Lake,16-7046-52151,47.06,-84.31,429,129,2.3,47.2,12.2,7.00,2.6
10,Huron,Agnew Lake,17-4414-51336,46.36,-81.76,256,2930,33.6,39.6,12.1,3.10,8.2
10,Huron,Alexander Lake,17-3812-51598,46.59,-82.54,454,37,0.8,25.5,6.9,3.05,8.0
10,Superior,Anjigami Lake,16-6809-53004,47.85,-84.58,300,1134,6.8,44.7,12.3,4.00,6.8
10,Huron,Anvil Lake,17-3094-52159,47.07,-83.51,483,90,1.2,18.3,6.8,5.80,4.7
10,Huron,Astonish Lake,17-3582-51582,46.56,-82.85,427,79,1.5,15.6,5.4,5.00,4.0
10,Huron,Avery Lake,17-4823-52210,47.14,-81.23,419,153,2.7,18.0,5.5,5.70,4.1
10,Huron,Bark Lake,17-3874-51976,46.92,-82.48,505,1884,21.6,29.3,7.0,4.50,4.8
10,Huron,Basswood Lake,17-3164-51328,46.33,-83.39,236,2689,7.8,73.2,38.7,10.00,0.8
10,Huron,Beak Lake,17-3370-52303,47.21,-83.15,499,121,2.9,23.0,3.5,5.50,5.2
10,0,Biff Lake,16-6975-52452,47.33,-84.39,463,35,0.6,41.8,13.0,4.70,
10,Huron,Big Moon Lake,17-3557-51418,46.42,-82.88,253,517,2.9,41.8,16.2,6.20,2.6
10,Huron,Bigwood Lake,17-4936-51883,46.84,-81.09,381,277,3.7,63.1,19.5,6.80,5.4
10,Huron,Boumage Lake,17-3914-51928,46.88,-82.43,487,111,1.7,16.0,6.4,7.10,4.1
10,Huron,Bright Lake,17-3228-51260,46.27,-83.30,183,1218,4.4,10.4,4.7,3.50,4.0
10,Superior,Caesar Lake,17-2822-52479,47.36,-83.89,427,49,1.2,13.4,3.8,2.60,8.9
10,Superior,Callahan Lake,16-6867-52661,47.52,-84.52,384,58,1.1,6.0,2.8,2.30,5.4
10,UpperStLawrence,Carmen Lake,17-5312-52592,47.49,-80.59,448,21,0.5,11.0,2.3,2.00,5.7
10,Huron,Castra Lake,17-3323-51600,46.57,-83.19,453,47,0.9,29.0,9.3,5.10,5.0
10,Huron,Cataract Lake,17-3457-51246,46.26,-83.00,193,111,1.2,4.9,1.7,4.90,2.6
10,Huron,Chiblow Lake,17-3423-51340,46.34,-83.05,217,1996,8.1,66.9,24.1,10.50,2.4
10,Huron,Chiniguchi Lake,17-5240-51985,46.94,-80.68,333,1101,14.6,44.2,13.6,7.60,1.7
10,UpperStLawrence,Chrysler Lake,17-4919-52573,47.47,-81.11,381,86,1.3,27.5,9.5,8.60,2.6
10,Huron,Chub Lake,17-3172-51540,46.51,-83.38,367,176,2.0,25.7,10.6,8.30,3.5
10,Huron,Cobre Lake,17-3627-51660,46.64,-82.79,428,91,0.7,61.6,28.0,9.70,2.3
10,Huron,Constance Lake,17-3290-51439,46.43,-83.23,279,119,0.8,17.1,11.1,9.00,3.8
10,Huron,Dennie Lake,17-4313-51958,46.91,-81.90,436,85,1.6,28.0,9.7,9.10,2.8
10,Huron,Deschamp Lake,17-3903-51589,46.58,-82.43,475,96,1.6,7.5,3.0,4.90,6.4
10,Superior,Devils Lake,17-2752-51845,46.78,-83.94,333,196,1.1,42.1,11.4,6.35,3.7
10,Superior,Dick Lake,16-7004-52204,47.11,-84.36,438,100,1.9,27.4,9.0,3.10,4.7
10,Huron,Doehead Lake,17-3453-51907,46.85,-83.03,462,33,0.8,16.4,6.3,3.85,5.8
10,Huron,Donald Lake,17-5370-51830,46.80,-80.52,306,501,5.3,60.0,15.4,13.40,1.3
10,Huron,Duval Lake,17-3432-51760,46.72,-83.05,451,166,2.0,21.4,8.3,4.00,4.8
10,Superior,Ear Lake,16-6735-52992,47.82,-84.68,390,66,1.6,27.5,7.7,4.20,5.7
10,Huron,Endikai Lake,17-3445-51613,46.59,-83.03,250,620,3.0,48.2,29.0,4.50,3.6
10,Huron,Flame Lake,17-3354-52393,47.29,-83.18,448,167,2.5,9.0,2.7,2.00,7.7
10,Superior,Galloway Lake,17-2792-52332,47.22,-83.92,468,26,0.7,20.8,5.0,3.70,6.7
10,Superior,Gamitagama Lake,16-6678-52804,47.66,-84.77,468,194,3.4,27.5,8.0,7.00,2.1
10,Huron,Garden Lake,17-2933-51822,46.76,-83.71,397,140,1.2,22.9,8.8,3.00,7.6
10,Superior,Gavor Lake,16-7267-52208,47.10,-84.01,421,125,2.3,21.3,6.3,3.20,7.1
10,Huron,Geiger Lake,17-3860-51538,46.53,-82.49,400,89,1.4,27.1,9.3,4.00,4.9
10,Huron,Gong Lake,17-3074-52158,47.07,-83.54,447,377,5.8,24.0,6.7,4.00,6.0
10,Superior,Goulais Lake,17-2975-52266,47.16,-83.67,503,241,4.2,33.5,8.2,2.00,12.8
10,Superior,Graham Lake,17-2862-52249,47.14,-83.82,472,110,1.5,17.4,6.8,2.40,9.4
10,Huron,Grassy Lake,17-3856-51190,46.21,-82.49,207,68,0.9,6.8,2.8,3.50,4.5
10,Huron,Green Lake,17-4614-51736,46.72,-81.51,460,44,1.0,24.3,6.5,6.10,2.9
10,Superior,Griffin Lake,16-6971-52177,47.09,-84.40,351,160,1.1,45.7,20.3,8.00,2.7
10,Superior,Gull Lake,17-3006-52333,47.22,-83.63,511,137,2.5,20.7,6.0,2.40,12.6
10,Superior,Hanes Lake,17-2809-52215,47.11,-83.89,467,137,2.2,18.3,4.6,2.75,8.5
10,Huron,Helen Lake,17-4925-52070,47.02,-81.10,426,310,4.5,26.0,6.5,5.00,5.4
10,Huron,Indian Lake,17-4145-52197,47.13,-82.13,421,1848,29.4,15.5,3.9,4.70,5.5
10,UpperStLawrence,Island Lake,17-5310-52621,47.51,-80.59,411,31,0.6,18.6,6.0,2.00,6.7
10,Huron,Kalaco Lake,17-4702-52245,47.18,-81.39,422,89,1.6,33.5,7.6,5.00,7.3
10,Huron,Kirkpatrick Lake,17-3400-51692,46.66,-83.09,387,1110,10.4,70.2,17.0,7.00,2.8
10,Huron,Klondyke Lakes,17-4157-51611,46.59,-82.10,428,199,3.3,16.3,4.8,3.00,3.9
10,Huron,Kukagami Lake,17-5344-51754,46.73,-80.55,288,1858,20.9,60.4,12.4,8.00,2.6
10,Superior,Kwagama Lake,16-6823-52566,47.44,-84.58,505,210,1.8,38.0,12.5,8.00,2.4
10,Huron,Lang Lake,17-4485-51124,46.17,-81.67,177,393,5.7,21.0,6.3,7.50,3.4
10,Huron,Lauzon Lake,17-3592-51192,46.21,-82.83,196,2198,16.3,82.3,23.8,9.50,2.6
10,Huron,Little Burwash Lake,17-4930-52197,47.13,-81.09,395,95,1.3,28.4,10.4,4.50,5.8
10,Huron,Little Chiblow Lake,17-3360-51357,46.36,-83.13,248,642,3.8,38.1,17.3,9.00,2.8
10,Superior,Little Dossier Lake,16-6714-52922,47.76,-84.71,369,30,1.1,11.6,3.4,5.20,
10,Huron,Little Venetian Lake,17-4840-51983,46.94,-81.21,431,72,1.2,22.1,7.3,6.10,4.1
10,Superior,Little Wawa Lake,17-2884-53030,47.85,-83.83,453,521,4.8,11.0,6.1,8.10,3.7
10,Huron,Lower Muldrew Lake,17-4529-52150,47.09,-81.62,450,79,2.5,17.0,3.1,2.25,12.2
10,Superior,Mamainse Lake,16-6811-52113,47.03,-84.62,478,148,1.5,36.6,12.0,6.30,2.2
10,Huron,"Manitou, Lake",17-4235-50696,45.78,-81.98,229,10588,19.2,49.1,14.6,6.50,3.1
10,Huron,Matinenda Lake,17-3525-51387,46.39,-82.92,233,4128,25.1,85.3,22.5,5.50,2.8
10,Superior,McEwen Lake,16-7153-52806,47.65,-84.13,478,96,1.8,35.5,11.1,5.00,5.1
10,Huron,McGiverin Lake,17-3678-51289,46.30,-82.72,277,275,3.3,36.0,11.7,3.00,4.6
10,0,McLennan Lake,17-3202-52877,47.72,-83.40,454,75,1.4,31.0,7.9,5.50,6.6
10,Huron,McMahon Lake,17-2851-51570,46.53,-83.80,291,224,2.6,27.4,14.3,7.50,2.7
10,Huron,Megisan Lake,17-3090-52347,47.24,-83.52,452,613,4.4,18.0,6.4,2.60,8.2
10,Superior,Mijinemungshing Lake,16-6718-52845,47.69,-84.71,428,601,8.7,33.6,7.5,5.00,5.7
10,Huron,Mozhabong Lake,17-4175-51987,46.94,-82.08,444,2048,25.1,44.8,12.1,9.70,2.8
10,Huron,Ninegee Lake,17-3097-52494,47.37,-83.52,536,46,0.7,20.7,6.5,5.10,6.0
10,Huron,Ninth Lake,17-4352-52392,47.30,-81.86,423,84,1.0,42.0,17.4,1.50,15.4
10,UpperStLawrence,Okiniada Lake,17-5179-52567,47.47,-80.76,459,94,0.9,32.9,13.0,4.90,3.8
10,Superior,Old Woman Lake,16-6710-52766,47.62,-84.72,375,266,3.5,45.8,15.9,5.70,4.1
10,Huron,Onaping Lake,17-4620-52125,47.14,-81.52,406,6579,95.2,52.0,8.1,5.00,6.0
10,Huron,Oshawong Lake,17-4728-52266,47.19,-81.36,426,108,1.4,25.9,12.2,5.50,4.7
10,Huron,"Panache, Lake",17-4743-51217,46.26,-81.33,239,8006,67.2,58.5,14.8,6.90,3.3
10,Huron,Penelope Lake,17-3091-51898,46.84,-83.50,425,176,1.5,36.6,11.6,5.70,2.6
10,Huron,Pogamasing Lake,17-4364-52017,46.97,-81.84,432,1564,15.0,34.0,8.8,8.00,3.2
10,Superior,Point Lake,17-2857-52221,47.12,-83.83,534,77,1.4,28.7,5.7,2.50,8.6
10,Huron,Popeye Lake,17-3813-51443,46.44,-82.55,375,61,1.1,15.2,7.1,4.00,4.6
10,Superior,Queminico Lake,16-6806-52259,47.16,-84.62,361,111,0.8,7.3,4.3,3.00,4.1
10,Superior,Quinn Lake,17-2800-52265,47.16,-83.90,448,137,4.2,19.8,4.9,3.00,8.3
10,Superior,Quintet Lakes,16-7098-52235,47.13,-84.23,426,81,2.2,19.4,4.9,3.00,3.4
10,Huron,Quirke Lake,17-3810-51468,46.49,-82.55,344,2065,9.6,104.9,32.9,8.80,2.1
10,Superior,Radium Lake,16-6829-52763,47.61,-84.58,368,50,1.3,11.5,4.8,3.50,5.1
10,Huron,Ranger Lake,17-3053-51969,46.90,-83.56,435,2319,12.3,73.2,21.7,6.80,3.1
10,Huron,Rawhide Lake,17-3764-51679,46.66,-82.62,415,953,5.1,61.0,23.0,7.10,1.7
10,Huron,Rawson Lake,17-5330-51961,46.92,-80.57,330,163,2.1,26.0,5.6,5.70,3.2
10,Huron,Rock Lake,17-2870-51459,46.43,-83.77,211,1048,3.9,21.4,11.6,2.90,5.4
10,Huron,Rome Lake,17-4759-52050,47.00,-81.32,453,213,3.9,12.7,3.8,2.90,7.2
10,Huron,Rossmere Lake,17-3631-51330,46.34,-82.78,306,120,1.2,6.0,3.6,1.70,6.4
10,Huron,Rushbrook Lake,17-4302-51759,46.73,-81.91,445,173,2.2,18.3,7.3,6.10,3.0
10,Huron,S Lake,17-4329-51689,46.67,-81.88,431,45,1.0,16.3,2.5,4.20,3.5
10,Superior,Saddle Lake,17-2880-52035,46.95,-83.79,561,112,1.5,15.2,3.8,2.30,5.3
10,Superior,Sand Lake,16-6855-52885,47.73,-84.53,388,355,6.9,29.1,6.5,2.48,11.0
10,Huron,Saymo Lake,17-3086-52062,46.98,-83.52,465,843,7.2,52.2,16.6,5.60,3.9
10,Huron,Scotia Lake,17-4713-52126,47.07,-81.38,428,761,8.8,63.1,17.8,5.60,4.9
10,UpperStLawrence,Shack Lake,17-5289-52606,47.50,-80.62,417,165,1.3,12.4,2.0,2.00,7.2
10,Huron,Shelden Lake,17-3014-51622,46.59,-83.59,381,145,1.4,21.3,9.9,4.75,3.5
10,Superior,Sill Lake,16-7100-51834,46.77,-84.25,337,42,0.6,18.3,6.8,5.20,
10,Superior,South Branch Lake,17-2976-52164,47.07,-83.67,486,200,3.0,12.2,2.9,2.60,7.2
10,Huron,Spinweb Lake,17-3943-51700,46.68,-82.38,450,96,1.6,12.5,3.6,5.00,3.6
10,Huron,Ten Mile Lake,17-3629-51531,46.52,-82.79,385,1031,8.4,116.2,30.1,9.40,1.8
10,Huron,Turtle Lake,17-3716-51254,46.27,-82.67,273,150,2.2,30.5,14.0,6.50,3.7
10,Superior,Upper Pancake Lake,16-6806-52194,47.11,-84.62,372,102,1.6,16.8,4.0,3.00,4.2
10,Huron,Venetian Lake,17-4810-51976,46.95,-81.25,422,1016,19.5,22.3,5.7,4.10,3.9
10,Superior,Vesi Lake,16-6845-52653,47.52,-84.56,438,39,0.5,14.2,6.6,4.10,
10,Huron,Wabagishik Lake,17-4549-51263,46.29,-81.59,219,589,4.1,18.5,7.7,4.10,6.2
10,0,Wakami Lake,17-3606-52610,47.49,-82.85,443,1768,14.4,10.0,3.7,5.00,4.3
10,Huron,Wakomata Lake,17-3191-51595,46.57,-83.36,326,2479,7.4,73.2,28.3,8.00,2.0
10,Huron,Walker Lake,17-4608-51161,46.20,-81.51,229,349,3.5,54.9,26.5,6.00,3.4
10,Huron,Wanapitei Lake,17-5191-51772,46.74,-80.74,266,13202,25.3,126.0,38.4,5.80,5.0
10,Superior,Ward Lake,17-2880-52069,46.98,-83.79,529,50,0.7,19.0,7.0,4.30,5.5
10,Superior,Weckstrom Lake,16-7186-51904,46.83,-84.15,371,29,0.8,20.4,7.3,2.80,
10,Huron,Whiskey Lake,17-3974-51436,46.44,-82.34,330,989,6.3,55.2,22.5,9.20,2.7
11,Huron,Aileen Lake,17-5748-51919,46.88,-80.02,318,157,1.6,23.5,8.4,3.80,
11,Huron,Anima Nipissing Lake,17-5827-52344,47.26,-79.91,348,1920,19.1,76.2,13.7,6.70,2.9
11,UpperStLawrence,Anvil Lake,17-5552-52523,47.42,-80.27,308,218,2.2,22.3,7.0,4.20,3.8
11,Huron,Bear Lake,17-5577-51311,46.33,-80.26,213,64,1.5,6.1,1.7,1.60,2.9
11,Huron,Cadden Lake,17-5879-50852,45.92,-79.87,257,42,0.7,12.9,6.3,3.10,8.6
11,UpperStLawrence,Cassels Lake,17-5970-52137,47.07,-79.72,303,779,9.1,36.6,9.6,5.90,5.2
11,Huron,Clear Lake,17-5942-51055,46.10,-79.78,238,265,3.8,40.0,11.5,6.50,4.5
11,Huron,Cross Lake,17-5788-51912,46.87,-79.97,304,1734,23.0,54.9,11.8,8.00,2.6
11,Huron,Deer Lake,17-5601-51477,46.48,-80.22,226,300,3.2,6.3,3.3,3.00,8.3
11,UpperStLawrence,Diamond Lake,17-5580-52276,47.20,-80.23,321,950,9.8,38.1,9.6,3.72,2.4
11,Huron,Driftwood Lake,17-5852-52035,46.98,-79.88,311,51,1.4,19.2,5.7,4.50,
11,Huron,Emerald Lake,17-5515-51958,46.92,-80.32,342,581,5.6,48.8,18.5,7.50,2.5
11,Huron,Hangstone Lake,17-5845-51854,46.82,-79.89,300,365,3.7,18.0,5.1,4.50,7.1
11,UpperStLawrence,Kittson Lake,17-5787-52433,47.34,-79.96,361,81,1.4,15.3,4.8,,
11,Huron,Kokoko Lake,17-5733-52151,47.09,-80.03,311,543,4.8,44.8,13.7,6.10,3.4
11,UpperStLawrence,Lady Evelyn Lake,17-5608-52396,47.31,-80.20,302,6631,55.0,29.6,7.5,5.00,3.4
11,UpperStLawrence,Makobe Lake,17-5430-52549,47.45,-80.43,351,2007,13.8,22.6,5.8,4.20,3.0
11,Huron,Mercer Lake,17-5565-51124,46.16,-80.27,212,61,1.6,19.0,4.7,2.30,
11,Huron,Muskosung Lake,17-5732-51489,46.49,-80.05,250,322,2.7,10.0,3.0,5.50,6.4
11,Huron,"Nipissing, Lake",17-5770-51258,46.27,-79.79,206,83048,169.7,60.0,7.6,2.50,4.3
11,UpperStLawrence,"Nosbonsing, Lake",17-6382-51179,46.20,-79.21,242,1765,9.5,14.0,5.0,4.50,4.5
11,UpperStLawrence,Rabbit Lake,17-6031-52053,47.00,-79.64,302,2109,21.2,42.7,14.2,4.60,5.0
11,Huron,Red Cedar Lake,17-5812-51735,46.71,-79.94,300,2298,26.3,34.7,5.8,2.56,7.8
11,Huron,Red Squirrel Lake,17-5740-52232,47.16,-80.02,332,394,3.9,33.6,11.3,6.80,2.6
11,UpperStLawrence,Rib Lake,17-5972-52300,47.22,-79.72,336,675,6.1,44.8,16.4,7.20,3.5
11,Huron,Rodd Lake,17-5274-52242,47.17,-80.64,357,32,0.5,17.0,5.1,4.00,
11,Huron,"Temagami, Lake",17-5700-52061,47.01,-80.08,295,20714,164.8,75.9,16.7,8.50,3.0
11,UpperStLawrence,Trout Lake,17-6290-51301,46.31,-79.32,222,1885,11.6,69.2,16.9,5.00,3.1
11,Huron,Wasaksina Lake,17-5842-51980,46.93,-79.89,343,626,9.2,31.1,6.6,4.50,6.1
11,Huron,Wicksteed Lake,17-6007-51793,46.76,-79.68,270,1478,19.8,12.2,3.0,4.00,9.0
12,UpperStLawrence,Allumette Lake,18-3280-50833,45.89,-77.22,86,13212,54.8,84.5,10.1,2.50,6.6
12,UpperStLawrence,Holden Lake,17-7120-51253,46.25,-78.30,182,7710,48.3,99.0,16.8,2.50,7.6
12,UpperStLawrence,Lac Coulonge,18-3577-50825,45.88,-76.83,107,3268,22.6,19.0,3.8,2.60,6.9
12,UpperStLawrence,Lac des Chats,18-3854-50393,45.50,-76.47,97,7677,46.4,22.0,4.9,2.40,7.4
12,UpperStLawrence,Lac Deschenes,18-4334-50239,45.37,-75.85,60,10900,,37.0,5.2,0.80,7.4
12,UpperStLawrence,Lac Dollard-des-Ormeaux,18-5390-50495,45.59,-74.50,30,14414,,34.0,6.1,1.80,7.0
12,UpperStLawrence,Lac du Rocher-Fendu,18-3662-50545,45.65,-76.70,81,1883,22.9,49.0,7.9,2.40,7.4
12,UpperStLawrence,Lac la Cave,17-6731-51370,46.52,-78.96,198,3176,21.6,83.0,19.7,3.20,8.6
12,UpperStLawrence,Lower Allumette Lake,18-3485-50735,45.78,-76.95,113,3875,13.8,17.0,2.9,2.50,6.8
12,UpperStLawrence,"Timiskaming, Lake",17-6178-52207,47.13,-79.45,197,31370,60.4,213.5,35.7,2.10,9.2
15,Ontario,Alder Lake,17-7255-49721,44.87,-78.15,359,27,0.5,18.3,6.5,1.70,8.2
15,UpperStLawrence,Aylen Lake,18-2779-50548,45.61,-77.85,364,2105,9.0,67.1,22.5,5.50,3.3
15,UpperStLawrence,Baptiste Lake,18-2642-49981,45.10,-78.00,399,2233,19.0,32.0,4.7,4.60,4.9
15,UpperStLawrence,Bark Lake,18-2782-50364,45.45,-77.84,309,4024,15.1,87.5,24.3,4.20,4.6
15,Huron,Bella Lake,17-6539-50341,45.45,-79.03,365,357,2.4,36.6,12.8,6.10,2.7
15,Huron,Bernard Lake,17-6257-50660,45.74,-79.38,325,2089,4.0,47.9,15.1,3.50,3.5
15,Huron,Big Deer Lake,17-5971-50688,45.77,-79.75,295,160,3.1,18.0,3.2,4.00,7.0
15,Huron,Bigwind Lake,17-6532-49909,45.06,-79.05,327,108,1.6,36.3,9.9,5.20,3.2
15,UpperStLawrence,Black Donald Lake,18-3469-50088,45.22,-76.94,230,1500,12.7,42.7,15.8,4.40,5.4
15,Huron,Buck Lake,17-6254-50307,45.42,-79.40,306,264,2.0,23.5,9.9,1.30,9.3
15,UpperStLawrence,Calabogie Lake,18-3634-50151,45.28,-76.74,167,1353,6.4,24.4,5.2,4.10,4.6
15,Ontario,Catchacoma Lake,17-7116-49585,44.75,-78.33,296,707,6.0,43.9,18.9,4.22,6.1
15,Huron,"Cecebe, Lake",17-6111-50550,45.64,-79.57,305,802,6.1,19.5,4.9,1.60,5.8
15,UpperStLawrence,"Clear, Lake",18-3287-50341,45.44,-77.19,192,1737,7.4,36.0,8.0,7.00,3.5
15,Huron,Cripple Lake,17-6554-50468,45.56,-79.01,452,38,0.9,9.0,1.6,2.50,4.2
15,Huron,Doe Lake,17-6239-50430,45.53,-79.41,299,862,4.1,22.9,5.9,3.70,4.9
15,UpperStLawrence,"Dore, Lake",18-3351-50535,45.62,-77.12,144,1513,3.0,19.5,7.6,4.70,5.4
15,Huron,Dotty Lake,17-6571-50360,45.46,-78.99,390,159,2.0,27.1,7.0,2.25,5.6
15,Huron,Eagle Lake,17-6164-50763,45.83,-79.50,353,941,7.8,21.9,6.0,4.65,2.8
15,Ontario,Eels Lake,17-7269-49741,44.89,-78.13,362,942,14.9,29.9,6.7,5.10,4.8
15,Huron,Fletcher Lake,17-6738-50244,45.35,-78.78,421,269,3.6,21.3,7.1,3.70,4.2
15,UpperStLawrence,Fosters Lake,18-2900-50140,45.25,-77.68,296,68,0.6,13.1,4.6,3.00,9.4
15,Huron,Giroux Lake,17-5384-50622,45.71,-80.51,184,119,2.4,5.8,2.9,1.80,8.5
15,UpperStLawrence,Golden Lake,18-3186-50482,45.57,-77.32,162,3612,9.7,24.4,8.6,4.20,6.3
15,Ontario,Goodwin Lake,17-6844-50137,45.26,-78.65,425,56,1.2,25.0,8.2,8.30,2.9
15,Huron,Gurd Lake,17-5352-50862,45.93,-80.55,182,97,1.8,6.1,1.7,2.20,9.4
15,Ontario,Jack Lake,17-7358-49530,44.69,-78.02,284,1343,21.3,36.6,7.4,5.00,4.6
15,Huron,"Joseph, Lake",17-5998-50031,45.18,-79.73,239,5167,34.4,92.0,26.6,4.80,2.4
15,UpperStLawrence,Kamaniskeg Lake,18-2891-50334,45.42,-77.70,345,2211,8.6,40.0,9.3,5.60,4.5
15,UpperStLawrence,Kelly Lake,18-3191-50636,45.70,-77.32,244,57,0.8,28.0,12.2,4.20,5.8
15,Huron,Kimball Lake,17-6818-50232,45.34,-78.68,372,217,1.9,67.1,22.8,5.83,3.3
15,Huron,Lake of B.s,17-6567-50131,45.26,-79.00,314,6763,31.6,70.1,22.2,4.30,3.5
15,Huron,McKellar Lake,17-5833-50403,45.51,-79.93,271,88,1.7,9.8,4.5,3.30,5.4
15,UpperStLawrence,McKenzie Lake,17-7331-50275,45.36,-78.02,419,314,2.2,27.4,8.4,3.70,5.5
15,UpperStLawrence,Meach Lake,17-7249-50200,45.30,-78.13,507,44,0.7,12.2,4.2,5.70,4.8
15,UpperStLawrence,Mink Lake,18-3401-50475,45.56,-77.05,168,553,2.2,13.0,5.9,6.00,5.6
15,UpperStLawrence,Murphys Lake,18-2810-50600,45.66,-77.81,424,77,0.9,20.7,7.8,5.90,4.8
15,Huron,"Muskoka, Lake",17-6201-49898,45.05,-79.48,242,12036,76.5,66.5,15.0,3.50,4.3
15,UpperStLawrence,Muskrat Lake,18-3511-50603,45.68,-76.91,148,1215,5.7,64.0,17.9,2.20,6.8
15,Huron,North Lake,17-6403-50645,45.72,-79.20,456,54,0.8,41.1,14.9,7.10,2.3
15,UpperStLawrence,Norway Lake,18-3652-50219,45.34,-76.72,173,283,2.8,38.1,9.2,6.50,7.4
15,Ontario,Paudash Lake,17-7323-49829,44.96,-78.06,359,1200,7.2,48.8,11.6,4.30,4.2
15,Huron,Peyton Lake,17-6436-50702,45.77,-79.15,459,39,0.9,13.7,4.3,2.60,3.0
15,Huron,Pickerel Lake,17-6320-50600,45.68,-79.31,344,519,2.4,38.1,8.6,2.40,5.8
15,Ontario,Red Pine Lake,17-6806-50080,45.20,-78.70,378,395,4.4,40.0,10.6,5.10,3.3
15,Ontario,Redstone Lake,17-6934-50060,45.18,-78.54,384,1178,7.4,80.5,20.6,6.60,3.3
15,Huron,"Rosseau, Lake",17-6112-50030,45.17,-79.59,241,6297,35.9,89.0,24.1,5.30,4.2
15,UpperStLawrence,Round Lake,18-3030-50572,45.64,-77.53,170,2970,5.5,54.9,12.5,3.80,6.0
15,UpperStLawrence,Salmon Trout Lake,18-2790-50077,45.19,-77.81,451,101,1.2,13.0,6.1,4.10,5.2
15,Huron,Smoky Lake,17-5585-50777,45.85,-80.25,215,193,4.3,25.0,4.5,4.25,4.4
15,Ontario,Tallan Lake,17-7329-49698,44.85,-78.05,335,46,0.7,26.0,8.6,5.20,6.0
15,Ontario,Twelve Mile Lake,17-6807-49881,45.03,-78.71,324,355,2.2,27.5,12.0,5.20,3.4
16,Huron,Bass Lake,17-6187-49397,44.60,-79.50,265,550,1.8,9.1,3.4,2.60,5.9
16,Erie,"Belwood, Lake",17-5535-48461,43.77,-80.34,425,524,4.0,17.0,5.3,3.00,9.5
16,Huron,Boat Lake,17-4820-49523,44.73,-81.23,187,542,2.3,1.5,0.9,2.20,
16,Huron,Cameron Lake,17-4561-50068,45.22,-81.56,192,159,1.3,16.8,4.3,4.05,8.2
16,Huron,Chesley Lake,17-4822-49331,44.55,-81.22,240,208,1.6,15.2,4.3,3.50,5.6
16,Erie,Conestogo Lake,17-5215-48384,43.69,-80.74,393,582,6.4,25.6,9.5,1.30,6.6
16,Huron,"Couchiching, Lake",17-6286-49481,44.68,-79.38,215,4542,13.0,10.1,4.1,5.50,4.4
16,Huron,Cyprus Lake,17-4583-50085,45.23,-81.53,198,74,0.8,8.1,3.7,4.50,8.2
16,Erie,Fanshawe Lake,17-4857-47670,43.06,-81.18,273,233,2.2,12.2,3.6,1.20,4.3
16,Huron,Farlain Lake,17-5814-49627,44.82,-79.97,244,110,1.1,4.9,1.7,3.00,5.1
16,Huron,Gillies Lake,17-4736-50056,45.21,-81.34,222,217,2.0,32.0,7.4,4.10,7.2
16,Huron,Gloucester PLake,17-6026-49666,44.85,-79.70,177,1228,14.9,30.5,6.9,4.20,5.2
16,Huron,Jacks Lake,17-5799-49262,44.49,-79.99,183,26,0.7,1.5,0.8,0.75,
16,Huron,Little Lake,17-6016-49633,44.82,-79.72,177,383,6.6,12.8,2.3,4.25,6.9
16,Huron,Little Lake,17-6058-49199,44.43,-79.67,235,226,1.4,6.1,1.7,4.97,5.2
16,Huron,Long Lake,17-6191-49604,44.79,-79.49,213,204,7.4,13.7,5.4,3.80,5.0
16,Huron,Miller Lake,17-4689-49939,45.10,-81.40,196,317,2.0,6.1,2.3,1.80,
16,Huron,Silver Lake,17-4665-48812,44.09,-81.42,275,60,0.8,19.8,7.3,2.80,7.9
16,Huron,Sparrow Lake,17-6275-49634,44.81,-79.39,212,1123,7.4,11.6,4.3,5.50,5.1
16,Huron,"St. John, Lake",17-6328-49494,44.69,-79.32,227,654,3.0,6.1,4.0,3.31,7.1
16,Huron,Tea Lake,17-6065-49697,44.87,-79.65,201,111,2.2,15.2,4.5,3.00,7.3
17,Ontario,Balsam Lake,17-6712-49387,44.58,-78.84,257,4764,15.0,12.8,5.0,,
17,Ontario,Belmont Lake,18-2756-49309,44.50,-77.82,187,773,7.1,16.0,5.9,9.00,5.9
17,Ontario,Big Bald Lake,17-7074-49389,44.58,-78.39,262,196,5.8,9.5,2.5,4.00,6.5
17,Ontario,Buckhorn Lake,17-7074-49293,44.49,-78.39,253,3176,23.3,14.3,2.1,2.40,6.5
17,Huron,Canal Lake,17-6548-49368,44.57,-79.04,241,846,7.0,4.3,1.3,2.10,5.6
17,Ontario,Chemong Lake,17-7076-49181,44.39,-78.39,253,2481,16.7,6.4,2.4,3.50,6.9
17,Ontario,Cordova Lake,18-2756-49393,44.57,-77.83,219,253,4.2,13.5,4.4,4.27,7.0
17,Huron,Dalrymple Lake,17-6500-49453,44.65,-79.11,234,1385,7.1,17.7,3.6,3.00,6.8
17,Ontario,Dummer Lake,17-7310-49342,44.53,-78.09,247,180,1.4,7.0,3.0,3.50,4.3
17,Ontario,Four Mile Lake,17-6793-49499,44.68,-78.74,271,758,3.9,19.2,8.5,6.00,5.0
17,Huron,Head Lake,17-6651-49559,44.74,-78.91,271,938,4.2,8.2,3.5,3.25,3.9
17,Ontario,Katchewanooka Lake,17-7182-49263,44.46,-78.26,241,334,4.0,10.1,1.8,5.00,6.8
17,Ontario,Little Lake,17-7146-49082,44.30,-78.31,204,59,0.7,9.8,3.1,3.50,6.8
17,Ontario,Lovesick Lake,17-7197-49373,44.56,-78.23,267,255,5.5,25.0,2.5,2.80,6.7
17,Ontario,Lower Buckhorn Lake,17-7170-49371,44.56,-78.27,242,1252,14.5,14.0,3.5,3.20,5.5
17,Ontario,Pigeon Lake,17-6992-49270,44.47,-78.50,253,5163,31.1,17.4,3.0,1.70,6.7
17,Ontario,Rice Lake,17-7257-48946,44.17,-78.18,208,9185,23.9,13.4,2.6,3.00,6.8
17,Ontario,Rylstone Lake,18-2850-49215,44.42,-77.70,171,98,4.1,14.2,2.1,3.15,6.6
17,Ontario,"Scugog, Lake",17-6715-48930,44.17,-78.85,272,6650,24.7,6.1,1.3,0.50,6.6
17,Ontario,Shadow Lake,17-6749-49534,44.71,-78.79,266,357,4.5,22.0,7.8,5.00,4.9
17,Ontario,Silver Lake,17-6744-49500,44.68,-78.80,272,68,0.7,16.0,6.8,5.00,4.8
17,Ontario,Stony Lake,17-7310-49388,44.57,-78.09,240,2765,38.0,32.0,5.9,3.20,5.4
17,Ontario,Sturgeon Lake,17-6820-49260,44.47,-78.71,248,4388,21.5,10.7,4.0,3.00,6.1
17,Huron,Young Lake,17-6459-49524,44.71,-79.16,240,98,0.7,10.4,4.3,3.50,5.2
18,Ontario,Big Clear Lake,18-3490-49540,44.73,-76.91,211,323,2.8,19.5,7.7,7.00,4.7
18,UpperStLawrence,Big Gull Lake,18-3453-49652,44.83,-76.96,257,2418,26.9,24.4,6.0,4.70,5.4
18,UpperStLawrence,Big Rideau Lake,18-4040-49580,44.77,-76.21,139,4584,36.4,100.0,12.3,8.15,5.3
18,UpperStLawrence,Birch Lake,18-3782-49339,44.55,-76.54,179,196,2.8,39.6,14.3,5.60,3.5
18,UpperStLawrence,Bobs Lake,18-3741-49489,44.68,-76.59,173,2876,33.8,25.6,7.5,3.50,4.8
18,UpperStLawrence,Brule Lake,18-3388-49903,45.05,-77.05,328,582,4.6,56.4,22.2,7.50,3.0
18,UpperStLawrence,Buckshot Lake,18-3369-49845,45.00,-77.07,300,441,3.7,33.5,9.1,6.50,5.5
18,Ontario,Bull Lake,18-3434-49499,44.69,-76.98,197,137,2.4,15.2,7.2,5.30,6.1
18,UpperStLawrence,Burridge Lake,18-3767-49466,44.66,-76.56,182,95,1.2,16.2,7.3,9.00,
18,UpperStLawrence,Charleston Lake,18-4196-49317,44.54,-76.01,86,2642,,91.5,17.4,4.00,2.3
18,UpperStLawrence,Christie Lake,18-3862-49620,44.80,-76.44,171,647,5.4,18.3,8.5,7.25,4.4
18,UpperStLawrence,Crotch Lake,18-3571-49746,44.91,-76.81,240,1454,30.8,24.4,8.7,4.80,5.6
18,UpperStLawrence,Crystal Lake,18-3065-49990,45.12,-77.46,412,55,1.6,35.0,9.8,5.40,3.8
18,UpperStLawrence,Dalhousie Lake,18-3762-49801,44.97,-76.57,176,615,2.5,11.0,4.5,4.74,6.0
18,UpperStLawrence,Eagle Lake,18-3651-49486,44.68,-76.70,192,641,8.2,35.4,12.1,4.00,4.0
18,UpperStLawrence,Effingham Lake,18-3122-49855,44.99,-77.36,334,340,4.4,21.3,7.1,2.40,8.3
18,UpperStLawrence,Elbow Lake,18-3632-49427,44.63,-76.72,168,129,1.9,9.1,4.6,2.40,
18,UpperStLawrence,Farrell Lake,18-3814-49569,44.76,-76.50,181,175,1.9,21.3,8.4,6.25,3.9
18,Ontario,Fourth Depot Lake,18-3580-49390,44.59,-76.79,165,40,0.9,3.0,1.1,1.50,6.8
18,UpperStLawrence,Govan Lake,18-3587-49991,45.13,-76.80,273,179,4.7,15.2,3.3,3.73,6.6
18,Ontario,Gull Lake,18-3420-49390,44.59,-76.99,183,21,0.4,9.1,4.0,3.50,4.9
18,Ontario,Hambly Lake,18-3661-49250,44.47,-76.68,148,96,2.0,14.6,4.0,5.80,7.3
18,UpperStLawrence,Kashwakamak Lake,18-3389-49691,44.86,-77.04,260,1151,15.8,24.0,5.2,3.75,4.6
18,UpperStLawrence,Leatherroot Lake,18-3264-50044,45.17,-77.21,376,21,0.4,14.3,6.9,6.20,2.8
18,UpperStLawrence,Leggat Lake,18-3640-49528,44.71,-76.72,211,182,1.6,18.0,6.3,5.30,3.2
18,Ontario,Little John Lake,18-3702-49303,44.52,-76.63,146,27,1.0,27.3,3.4,6.00,6.1
18,UpperStLawrence,Mazinaw Lake,18-3267-49749,44.92,-77.20,268,1604,8.5,134.1,40.1,4.50,4.6
18,UpperStLawrence,Mississippi Lake,18-4082-49908,45.07,-76.17,133,2434,,9.1,2.4,4.50,6.8
18,Ontario,Moira Lake,18-3050-49285,44.49,-77.45,176,853,5.4,9.1,3.6,3.20,5.4
18,UpperStLawrence,Palmerston Lake,18-3549-49862,45.02,-76.84,254,539,4.5,56.4,20.4,8.40,5.6
18,UpperStLawrence,Sand Lake,18-3998-49356,44.57,-76.26,114,891,10.5,13.7,4.2,5.00,4.4
18,UpperStLawrence,Sharbot Lake,18-3668-49582,44.77,-76.69,198,1499,14.9,30.5,7.0,4.70,4.5
18,UpperStLawrence,Shawenegog Lake,18-3380-49750,44.91,-77.05,288,182,2.9,25.6,5.5,4.30,5.9
18,Ontario,Sheffield Long Lake,18-3404-49395,44.59,-77.01,180,92,2.1,11.0,3.2,3.80,6.2
18,Ontario,Skootamatta Lake,18-3220-49677,44.84,-77.25,297,1208,10.1,27.4,7.3,4.00,5.0
18,UpperStLawrence,South Lake,18-4028-49206,44.43,-76.22,110,238,1.9,13.7,4.9,2.70,6.2
18,Ontario,St. Andrew Lakes,18-3677-49397,44.61,-76.67,176,82,1.5,15.2,5.7,7.20,5.8
18,Ontario,Sydenham Lake,18-3760-49200,44.42,-76.56,149,660,9.1,36.6,7.2,6.50,4.6
18,UpperStLawrence,Weslemkoon Lake,18-3085-49890,45.03,-77.43,323,1973,27.1,51.8,8.3,3.70,3.5
18,UpperStLawrence,White Lake,18-3808-50183,45.31,-76.52,168,2365,19.1,9.1,2.1,3.80,5.3
