Wby_Lid,Period,Tjan,Tfeb,Tmar,Tapr,Tmay,Tjun,Tjul,Taug,Tsep,Toct,Tnov,Tdec,Tann,Paug
15-3523-55336,2001-2010,-15.23,-13.77,-5.73,4.1,10.01,16.28,19.41,18.09,13.36,5.02,-2.76,-12.22,3.15,88.72
15-3532-55170,2001-2010,-15.17,-13.7,-5.67,4.16,10.05,16.33,19.46,18.14,13.41,5.06,-2.71,-12.16,3.2,88.75
15-3543-56122,2001-2010,-15.81,-14.42,-6.25,3.56,9.62,15.82,18.92,17.67,12.87,4.61,-3.21,-12.82,2.65,89.22
15-3559-55281,2001-2010,-15.19,-13.73,-5.7,4.14,10.04,16.32,19.46,18.13,13.4,5.05,-2.74,-12.18,3.19,88.97
15-3653-55394,2001-2010,-15.21,-13.73,-5.71,4.15,10.04,16.33,19.49,18.15,13.42,5.05,-2.75,-12.2,3.19,89.47
15-3654-55172,2001-2010,-15.13,-13.64,-5.64,4.24,10.11,16.41,19.58,18.24,13.51,5.12,-2.69,-12.12,3.27,89.81
15-3662-55240,2001-2010,-15.15,-13.66,-5.66,4.23,10.1,16.4,19.57,18.23,13.5,5.11,-2.7,-12.13,3.25,89.84
15-3754-55732,2001-2010,-15.43,-14,-5.91,3.89,9.86,16.1,19.21,17.92,13.17,4.86,-2.93,-12.43,2.96,88.88
15-3755-55568,2001-2010,-15.3,-13.84,-5.79,4.04,9.97,16.24,19.38,18.06,13.32,4.97,-2.83,-12.29,3.1,89.28
15-3786-56088,2001-2010,-15.85,-14.47,-6.31,3.51,9.58,15.77,18.88,17.63,12.83,4.57,-3.27,-12.88,2.6,89.87
15-3795-55615,2001-2010,-15.35,-13.89,-5.83,3.99,9.93,16.19,19.33,18.02,13.27,4.93,-2.86,-12.34,3.05,89.19
15-3895-55970,2001-2010,-15.78,-14.37,-6.23,3.57,9.63,15.82,18.94,17.68,12.89,4.62,-3.21,-12.8,2.66,89.68
15-3974-57298,2001-2010,-16.56,-15.28,-6.99,2.96,9.21,15.42,18.57,17.33,12.41,4.17,-3.83,-13.57,2.09,91.64
15-3982-55227,2001-2010,-15.04,-13.52,-5.58,4.45,10.26,16.61,19.87,18.47,13.74,5.27,-2.63,-12.03,3.43,92.23
15-4058-55081,2001-2010,-15.04,-13.52,-5.57,4.44,10.25,16.61,19.86,18.46,13.73,5.26,-2.63,-12.03,3.42,92.23
15-4100-55022,2001-2010,-15.06,-13.53,-5.57,4.37,10.2,16.54,19.77,18.39,13.66,5.21,-2.64,-12.04,3.38,91.61
15-4109-56434,2001-2010,-16.6,-15.33,-7.01,3.02,9.2,15.35,18.5,17.29,12.37,4.17,-3.83,-13.63,2.06,94.86
15-4115-55351,2001-2010,-15.12,-13.6,-5.63,4.29,10.15,16.47,19.69,18.32,13.59,5.16,-2.69,-12.11,3.31,90.74
15-4124-55428,2001-2010,-15.19,-13.69,-5.69,4.18,10.07,16.37,19.55,18.2,13.47,5.07,-2.75,-12.18,3.22,89.75
15-4127-55299,2001-2010,-15.09,-13.57,-5.61,4.34,10.19,16.52,19.75,18.36,13.64,5.19,-2.67,-12.08,3.35,91.26
15-4131-55595,2001-2010,-15.38,-13.91,-5.85,3.94,9.9,16.15,19.29,17.98,13.24,4.9,-2.9,-12.37,3.02,88.85
15-4148-55077,2001-2010,-15.06,-13.53,-5.57,4.36,10.2,16.53,19.76,18.38,13.65,5.2,-2.65,-12.05,3.37,91.64
15-4153-55253,2001-2010,-15.08,-13.56,-5.6,4.35,10.19,16.52,19.75,18.37,13.64,5.2,-2.66,-12.07,3.36,91.36
15-4172-56262,2001-2010,-16.41,-15.1,-6.83,3.1,9.27,15.41,18.55,17.34,12.46,4.24,-3.71,-13.45,2.17,93.59
15-4185-55186,2001-2010,-15.08,-13.55,-5.59,4.33,10.17,16.5,19.72,18.35,13.62,5.18,-2.67,-12.07,3.34,91.36
15-4187-56135,2001-2010,-16.16,-14.81,-6.6,3.24,9.37,15.51,18.65,17.43,12.6,4.36,-3.53,-13.2,2.34,91.92
15-4216-54977,2001-2010,-15.08,-13.55,-5.55,4.22,10.09,16.39,19.55,18.22,13.48,5.09,-2.68,-12.08,3.28,90.61
15-4218-54877,2001-2010,-15.09,-13.58,-5.53,4.16,10.05,16.32,19.44,18.13,13.39,5.04,-2.68,-12.08,3.23,89.4
15-4238-55430,2001-2010,-15.25,-13.76,-5.73,4.07,10,16.27,19.43,18.1,13.37,4.99,-2.8,-12.24,3.14,89
15-4250-55493,2001-2010,-15.32,-13.84,-5.8,3.98,9.94,16.19,19.34,18.02,13.29,4.93,-2.86,-12.31,3.07,88.63
15-4255-56385,2001-2010,-16.71,-15.46,-7.12,2.95,9.14,15.28,18.44,17.24,12.3,4.12,-3.91,-13.76,1.98,95.91
15-4270-56011,2001-2010,-15.99,-14.61,-6.44,3.31,9.43,15.57,18.7,17.47,12.68,4.43,-3.43,-13.03,2.44,90.89
15-4279-55138,2001-2010,-15.11,-13.57,-5.57,4.19,10.08,16.37,19.54,18.21,13.47,5.07,-2.71,-12.1,3.26,90.83
15-4298-55335,2001-2010,-15.21,-13.71,-5.68,4.09,10.02,16.3,19.45,18.12,13.39,5,-2.77,-12.2,3.17,89.4
15-4304-57399,2001-2010,-16.67,-15.39,-7.1,2.87,9.14,15.37,18.51,17.3,12.35,4.1,-3.9,-13.65,2.01,92.29
15-4305-55763,2001-2010,-15.66,-14.23,-6.12,3.59,9.65,15.82,18.94,17.68,12.93,4.64,-3.15,-12.67,2.72,89.06
15-4342-54693,2001-2010,-15.08,-13.66,-5.48,4.07,10,16.18,19.21,17.94,13.2,4.94,-2.62,-12.04,3.15,85.34
15-4351-55357,2001-2010,-15.26,-13.77,-5.72,4.01,9.96,16.22,19.35,18.04,13.31,4.94,-2.81,-12.25,3.1,88.97
15-4356-54806,2001-2010,-15.11,-13.64,-5.5,4.06,9.99,16.19,19.27,17.98,13.23,4.92,-2.68,-12.08,3.15,87.82
15-4356-57093,2001-2010,-16.69,-15.42,-7.1,2.92,9.15,15.32,18.48,17.26,12.32,4.11,-3.91,-13.7,2,94.33
15-4375-54620,2001-2010,-15.04,-13.66,-5.45,4.08,10.01,16.16,19.15,17.89,13.16,4.95,-2.55,-11.97,3.16,83.58
15-4390-54514,2001-2010,-14.97,-13.66,-5.39,4.11,10.02,16.14,19.07,17.83,13.12,4.96,-2.46,-11.89,3.18,80.79
15-4390-55083,2001-2010,-15.13,-13.57,-5.51,4.06,9.97,16.23,19.36,18.05,13.29,4.93,-2.74,-12.12,3.17,90.99
15-4395-54864,2001-2010,-15.12,-13.61,-5.48,4.05,9.98,16.19,19.28,17.98,13.23,4.9,-2.71,-12.09,3.15,89.16
15-4396-54165,2001-2010,-14.63,-13.54,-5.08,4.34,10.1,16.15,18.88,17.73,13.1,5.07,-2.12,-11.57,3.3,72.88
15-4399-55286,2001-2010,-15.24,-13.74,-5.68,4,9.96,16.21,19.33,18.02,13.29,4.92,-2.8,-12.23,3.1,89.13
15-4403-54276,2001-2010,-14.73,-13.58,-5.18,4.26,10.07,16.14,18.92,17.75,13.09,5.03,-2.22,-11.66,3.26,75.05
15-4414-56807,2001-2010,-16.91,-15.7,-7.32,2.86,9.07,15.21,18.38,17.18,12.2,4.04,-4.05,-13.96,1.85,97.37
15-4417-55173,2001-2010,-15.17,-13.64,-5.58,4.04,9.97,16.22,19.34,18.03,13.29,4.92,-2.77,-12.17,3.14,90.18
15-4430-54221,2001-2010,-14.68,-13.56,-5.13,4.29,10.08,16.14,18.89,17.73,13.08,5.05,-2.16,-11.61,3.28,73.84
15-4431-54685,2001-2010,-15.09,-13.69,-5.48,4.04,9.99,16.15,19.16,17.89,13.15,4.9,-2.62,-12.04,3.13,84.75
15-4452-55268,2001-2010,-15.25,-13.75,-5.68,3.97,9.93,16.17,19.28,17.97,13.24,4.88,-2.81,-12.25,3.07,88.91
15-4470-55367,2001-2010,-15.34,-13.87,-5.78,3.88,9.88,16.11,19.21,17.91,13.18,4.83,-2.88,-12.34,3,88.04
15-4479-54411,2001-2010,-14.89,-13.65,-5.32,4.14,10.03,16.13,18.97,17.76,13.07,4.97,-2.35,-11.79,3.19,77.78
15-4487-55234,2001-2010,-15.25,-13.75,-5.66,3.95,9.92,16.16,19.25,17.95,13.22,4.85,-2.81,-12.25,3.06,88.82
15-4495-55118,2001-2010,-15.18,-13.65,-5.55,3.99,9.93,16.16,19.27,17.96,13.21,4.85,-2.77,-12.17,3.1,90.06
15-4512-54200,2001-2010,-14.65,-13.55,-5.1,4.3,10.08,16.14,18.87,17.7,13.07,5.04,-2.12,-11.57,3.28,73.07
15-4525-57350,2001-2010,-16.77,-15.47,-7.22,2.78,9.08,15.3,18.46,17.25,12.31,4.05,-3.99,-13.75,1.94,92.63
15-4557-54838,2001-2010,-15.16,-13.7,-5.51,3.98,9.95,16.12,19.18,17.88,13.14,4.83,-2.71,-12.12,3.09,87.11
15-4562-54445,2001-2010,-14.94,-13.68,-5.36,4.09,10.02,16.11,18.97,17.75,13.05,4.93,-2.39,-11.82,3.16,78.21
15-4579-53993,2001-2010,-14.38,-13.44,-4.83,4.52,10.15,16.19,18.8,17.67,13.12,5.13,-1.88,-11.32,3.41,69.01
15-4589-56848,2001-2010,-16.81,-15.58,-7.22,2.88,9.1,15.24,18.41,17.2,12.25,4.06,-3.99,-13.85,1.91,96.22
15-4593-54629,2001-2010,-15.09,-13.73,-5.49,4,9.98,16.11,19.06,17.8,13.07,4.87,-2.56,-11.98,3.1,82
15-4595-54375,2001-2010,-14.86,-13.65,-5.29,4.14,10.03,16.12,18.92,17.72,13.03,4.95,-2.3,-11.73,3.19,76.35
15-4602-54790,2001-2010,-15.17,-13.75,-5.54,3.96,9.95,16.11,19.13,17.85,13.11,4.82,-2.69,-12.11,3.07,85.06
15-4602-55724,2001-2010,-15.73,-14.32,-6.2,3.39,9.52,15.64,18.75,17.51,12.79,4.49,-3.27,-12.76,2.59,88.69
15-4606-55329,2001-2010,-15.39,-13.96,-5.83,3.79,9.85,16.06,19.12,17.83,13.11,4.75,-2.91,-12.39,2.94,86.27
15-4610-54218,2001-2010,-14.65,-13.55,-5.1,4.29,10.08,16.14,18.85,17.68,13.05,5.02,-2.11,-11.53,3.28,72.82
15-4613-57020,2001-2010,-16.69,-15.42,-7.11,2.9,9.14,15.31,18.46,17.25,12.31,4.1,-3.92,-13.7,1.98,94.49
15-4632-54287,2001-2010,-14.75,-13.59,-5.19,4.21,10.05,16.12,18.88,17.69,13.03,4.98,-2.2,-11.62,3.24,74.34
15-4640-55200,2001-2010,-15.32,-13.88,-5.73,3.85,9.89,16.1,19.15,17.86,13.14,4.77,-2.84,-12.32,2.99,86.18
15-4642-55404,2001-2010,-15.46,-14.05,-5.92,3.71,9.81,16.01,19.06,17.78,13.06,4.7,-2.97,-12.47,2.87,85.72
15-4653-55440,2001-2010,-15.5,-14.09,-5.95,3.67,9.79,15.98,19.03,17.75,13.04,4.67,-2.99,-12.51,2.84,85.59
15-4660-56220,2001-2010,-16.12,-14.7,-6.56,2.97,9.12,15.15,18.33,17.19,12.44,4.22,-3.68,-13.17,2.2,93.43
15-4710-54335,2001-2010,-14.84,-13.63,-5.28,4.13,10.03,16.1,18.88,17.68,12.99,4.93,-2.27,-11.67,3.19,75.3
15-4725-54467,2001-2010,-14.99,-13.71,-5.42,4.02,9.99,16.09,18.94,17.7,12.99,4.88,-2.41,-11.82,3.12,77.69
15-4729-54570,2001-2010,-15.09,-13.77,-5.5,3.96,9.98,16.09,18.99,17.74,13.01,4.85,-2.51,-11.93,3.08,79.39
15-4741-57335,2001-2010,-16.88,-15.58,-7.32,2.65,9,15.23,18.41,17.2,12.24,3.98,-4.08,-13.8,1.86,92.57
15-4745-54662,2001-2010,-15.16,-13.81,-5.57,3.92,9.96,16.09,19.02,17.76,13.03,4.82,-2.59,-12.03,3.05,80.63
15-4784-56717,2001-2010,-16.63,-15.35,-7.05,2.93,9.14,15.28,18.43,17.23,12.32,4.11,-3.88,-13.65,2.01,94.92
15-4785-54790,2001-2010,-15.25,-13.88,-5.66,3.86,9.94,16.09,19.06,17.78,13.05,4.77,-2.71,-12.18,3,81.56
15-4785-55574,2001-2010,-15.64,-14.25,-6.11,3.49,9.67,15.83,18.88,17.63,12.91,4.55,-3.14,-12.67,2.7,85.13
15-4880-55820,2001-2010,-15.87,-14.43,-6.33,3.13,9.32,15.35,18.51,17.32,12.61,4.33,-3.46,-12.92,2.4,89.96
15-4900-55708,2001-2010,-15.76,-14.36,-6.23,3.31,9.52,15.63,18.71,17.48,12.77,4.44,-3.29,-12.79,2.55,86.58
15-4919-56922,2001-2010,-16.54,-15.24,-6.97,2.92,9.17,15.35,18.48,17.27,12.38,4.12,-3.85,-13.54,2.06,93.09
15-4943-54343,2001-2010,-14.98,-13.67,-5.42,3.98,9.99,16.06,18.85,17.63,12.88,4.83,-2.34,-11.66,3.11,76.23
15-5000-58758,2001-2010,-18.56,-17.45,-9.17,1.07,7.92,14.39,17.81,16.6,11.35,3.24,-5.25,-15.22,0.67,87.61
15-5023-54567,2001-2010,-15.18,-13.84,-5.63,3.83,9.94,16.05,18.92,17.66,12.92,4.76,-2.55,-11.96,3.01,77.93
15-5026-55337,2001-2010,-15.58,-14.28,-6.08,3.57,9.92,16.14,19.08,17.83,13.11,4.62,-3,-12.63,2.83,77.84
15-5035-56302,2001-2010,-16.06,-14.64,-6.52,2.99,9.17,15.23,18.4,17.23,12.49,4.23,-3.63,-13.09,2.25,92.16
15-5045-56849,2001-2010,-16.43,-15.1,-6.86,2.97,9.21,15.4,18.51,17.29,12.43,4.15,-3.77,-13.41,2.13,92.44
15-5060-55643,2001-2010,-15.71,-14.35,-6.19,3.4,9.66,15.83,18.85,17.61,12.89,4.5,-3.18,-12.73,2.65,83.14
15-5061-58179,2001-2010,-17.79,-16.55,-8.36,1.77,8.4,14.8,18.07,16.87,11.77,3.53,-4.74,-14.55,1.2,89.87
15-5085-54773,2001-2010,-15.36,-14.03,-5.84,3.71,9.92,16.07,18.99,17.72,13,4.69,-2.75,-12.25,2.92,78.18
15-5085-55575,2001-2010,-15.67,-14.33,-6.16,3.46,9.74,15.94,18.93,17.68,12.96,4.53,-3.11,-12.7,2.71,81.31
15-5089-59670,2001-2010,-19.25,-18.28,-10,0.41,7.41,14,17.57,16.41,10.99,3,-5.67,-15.88,0.16,85.47
15-5100-54230,2001-2010,-15.01,-13.59,-5.45,3.91,9.99,16.03,18.78,17.57,12.77,4.77,-2.3,-11.47,3.1,77.16
15-5124-54968,2001-2010,-15.53,-14.22,-6.02,3.61,9.94,16.15,19.08,17.83,13.1,4.64,-2.93,-12.55,2.86,77.22
15-5149-54725,2001-2010,-15.34,-14,-5.82,3.71,9.91,16.06,18.97,17.69,12.97,4.69,-2.72,-12.2,2.93,78
15-5172-54948,2001-2010,-15.52,-14.21,-6.02,3.61,9.93,16.14,19.07,17.81,13.08,4.64,-2.92,-12.53,2.86,77.22
15-5192-56320,2001-2010,-16.09,-14.69,-6.55,3.03,9.25,15.37,18.5,17.3,12.54,4.24,-3.59,-13.09,2.28,90.83
15-5209-57140,2001-2010,-16.73,-15.41,-7.21,2.68,9.02,15.29,18.43,17.2,12.29,3.96,-4,-13.63,1.92,91.3
15-5210-56629,2001-2010,-16.27,-14.9,-6.72,2.99,9.24,15.42,18.53,17.31,12.49,4.18,-3.68,-13.25,2.21,91.2
15-5213-56724,2001-2010,-16.36,-14.99,-6.83,2.94,9.21,15.4,18.5,17.28,12.46,4.14,-3.74,-13.32,2.16,91.2
15-5221-54041,2001-2010,-15.1,-13.5,-5.48,3.86,10.01,15.99,18.72,17.54,12.67,4.69,-2.24,-11.25,3.09,79.55
15-5231-54423,2001-2010,-15.13,-13.73,-5.6,3.8,9.93,16,18.81,17.56,12.79,4.72,-2.44,-11.71,3.02,77.75
15-5236-53978,2001-2010,-15.11,-13.49,-5.47,3.85,10.02,15.99,18.72,17.54,12.67,4.69,-2.24,-11.24,3.09,79.67
15-5241-55137,2001-2010,-15.58,-14.31,-6.1,3.57,9.98,16.21,19.13,17.89,13.16,4.62,-2.98,-12.66,2.85,76.23
15-5267-56886,2001-2010,-16.46,-15.09,-6.92,2.87,9.16,15.4,18.5,17.26,12.4,4.08,-3.82,-13.38,2.1,91.11
15-5275-54864,2001-2010,-15.48,-14.17,-5.98,3.61,9.9,16.09,19.01,17.75,13.02,4.63,-2.87,-12.44,2.86,77.5
15-5282-55495,2001-2010,-15.68,-14.37,-6.19,3.48,9.82,16.06,19.01,17.76,13.04,4.55,-3.07,-12.69,2.75,79.24
15-5293-55287,2001-2010,-15.6,-14.32,-6.11,3.56,9.95,16.18,19.11,17.87,13.13,4.61,-3,-12.66,2.83,76.73
15-5349-56812,2001-2010,-16.45,-15.08,-6.92,2.86,9.16,15.42,18.51,17.27,12.41,4.07,-3.81,-13.36,2.11,90.61
15-5365-57696,2001-2010,-17.46,-16.17,-8.01,2.04,8.59,14.97,18.18,16.95,11.92,3.59,-4.57,-14.27,1.42,91.11
15-5394-55901,2001-2010,-15.98,-14.61,-6.48,3.2,9.5,15.75,18.77,17.54,12.79,4.37,-3.36,-12.92,2.48,85.5
15-5396-55107,2001-2010,-15.59,-14.3,-6.11,3.55,9.91,16.14,19.07,17.81,13.09,4.6,-2.98,-12.62,2.81,77.07
15-5413-55979,2001-2010,-16,-14.64,-6.5,3.17,9.46,15.7,18.74,17.5,12.76,4.34,-3.4,-12.94,2.45,86.15
15-5429-54280,2001-2010,-15.08,-13.64,-5.59,3.76,9.92,15.97,18.74,17.49,12.71,4.69,-2.36,-11.53,3.02,78.46
15-5433-56498,2001-2010,-16.26,-14.89,-6.75,2.96,9.25,15.48,18.56,17.32,12.52,4.16,-3.66,-13.19,2.23,89.78
15-5452-56951,2001-2010,-16.55,-15.18,-7.04,2.75,9.09,15.4,18.47,17.2,12.33,3.97,-3.94,-13.45,2.02,91.14
15-5463-55189,2001-2010,-15.64,-14.35,-6.16,3.51,9.86,16.12,19.04,17.79,13.07,4.57,-3.01,-12.64,2.78,77.78
15-5464-53494,2001-2010,-14.88,-13.55,-5.54,3.75,9.84,15.9,18.67,17.4,12.75,4.75,-2.26,-11.46,3.05,76.23
15-5464-56006,2001-2010,-16.03,-14.66,-6.53,3.16,9.46,15.71,18.74,17.5,12.75,4.33,-3.41,-12.96,2.44,86.18
15-5472-54633,2001-2010,-15.29,-13.95,-5.85,3.62,9.82,15.97,18.83,17.54,12.85,4.63,-2.65,-12.06,2.89,78.15
15-5477-54774,2001-2010,-15.4,-14.08,-5.96,3.57,9.82,16.01,18.89,17.61,12.92,4.61,-2.77,-12.26,2.85,78.12
15-5492-60415,2001-2010,-20.02,-19.14,-10.98,-0.53,6.72,13.23,16.92,15.85,10.48,2.6,-6.19,-16.45,-0.52,85.41
15-5502-54176,2001-2010,-15.07,-13.6,-5.59,3.74,9.91,15.95,18.72,17.47,12.69,4.69,-2.33,-11.48,3.02,78.68
15-5503-53695,2001-2010,-14.95,-13.57,-5.56,3.74,9.87,15.91,18.68,17.41,12.71,4.72,-2.28,-11.45,3.04,77.44
15-5503-54708,2001-2010,-15.35,-14.02,-5.92,3.58,9.81,15.98,18.85,17.56,12.88,4.62,-2.72,-12.17,2.86,78.24
15-5527-53591,2001-2010,-14.92,-13.57,-5.57,3.72,9.83,15.89,18.66,17.38,12.73,4.73,-2.28,-11.47,3.03,76.85
15-5537-54222,2001-2010,-15.06,-13.64,-5.63,3.71,9.88,15.93,18.71,17.44,12.7,4.68,-2.35,-11.56,3,78.52
15-5586-54227,2001-2010,-15.06,-13.66,-5.67,3.67,9.85,15.91,18.7,17.4,12.7,4.68,-2.37,-11.61,2.98,78.49
15-5600-54290,2001-2010,-15.07,-13.69,-5.7,3.65,9.83,15.9,18.7,17.4,12.72,4.68,-2.39,-11.66,2.96,78.37
15-5605-56599,2001-2010,-16.44,-15.07,-6.95,2.8,9.15,15.46,18.51,17.24,12.43,4.03,-3.84,-13.33,2.1,89.84
15-5606-56722,2001-2010,-16.53,-15.17,-7.05,2.72,9.08,15.42,18.47,17.18,12.36,3.94,-3.93,-13.42,2.02,90.3
15-5627-54632,2001-2010,-15.26,-13.93,-5.89,3.55,9.76,15.92,18.77,17.46,12.82,4.61,-2.65,-12.06,2.86,78.59
15-5662-53769,2001-2010,-14.93,-13.6,-5.66,3.61,9.78,15.83,18.61,17.31,12.7,4.69,-2.28,-11.52,2.98,77.35
15-5670-54304,2001-2010,-15.05,-13.71,-5.75,3.59,9.77,15.86,18.67,17.34,12.72,4.67,-2.4,-11.71,2.93,78.37
15-5670-55575,2001-2010,-16.17,-14.86,-6.65,3.25,9.62,16.12,19.04,17.83,13.07,4.45,-3.26,-12.94,2.56,82.71
15-5676-54025,2001-2010,-14.98,-13.64,-5.7,3.6,9.8,15.85,18.64,17.31,12.7,4.69,-2.32,-11.59,2.96,77.9
15-5684-54631,2001-2010,-15.23,-13.92,-5.9,3.54,9.74,15.9,18.75,17.43,12.81,4.62,-2.61,-12.01,2.86,78.49
15-5688-53944,2001-2010,-14.96,-13.63,-5.7,3.58,9.78,15.82,18.62,17.28,12.7,4.69,-2.3,-11.58,2.96,77.53
15-5704-54143,2001-2010,-14.99,-13.66,-5.73,3.58,9.78,15.84,18.64,17.3,12.71,4.69,-2.33,-11.64,2.95,78.06
15-5704-54495,2001-2010,-15.15,-13.82,-5.84,3.55,9.74,15.87,18.69,17.36,12.76,4.63,-2.52,-11.88,2.88,78.55
15-5747-53824,2001-2010,-14.92,-13.62,-5.72,3.55,9.74,15.78,18.58,17.24,12.7,4.69,-2.29,-11.58,2.94,77.13
15-5751-58597,2001-2010,-18.8,-17.68,-9.46,0.76,7.7,14.16,17.53,16.36,11.16,3.01,-5.46,-15.35,0.43,88.54
15-5752-55022,2001-2010,-15.6,-14.31,-6.2,3.43,9.7,15.98,18.88,17.59,12.92,4.51,-2.97,-12.53,2.72,79.48
15-5755-54281,2001-2010,-15.03,-13.71,-5.79,3.54,9.74,15.83,18.63,17.28,12.72,4.68,-2.38,-11.72,2.91,78.31
15-5770-54220,2001-2010,-14.98,-13.68,-5.78,3.54,9.74,15.81,18.62,17.27,12.72,4.69,-2.34,-11.68,2.93,77.72
15-5782-55201,2001-2010,-15.84,-14.54,-6.39,3.35,9.67,16.04,18.95,17.7,12.99,4.49,-3.1,-12.72,2.65,80.72
15-5787-53500,2001-2010,-14.75,-13.49,-5.66,3.53,9.64,15.69,18.51,17.2,12.7,4.71,-2.21,-11.43,2.97,75.98
15-5802-54916,2001-2010,-15.49,-14.19,-6.13,3.44,9.67,15.93,18.8,17.5,12.87,4.54,-2.87,-12.36,2.74,79.39
15-5808-56326,2001-2010,-16.38,-15.03,-6.92,2.83,9.2,15.56,18.58,17.3,12.51,4.05,-3.76,-13.24,2.16,87.7
15-5813-53685,2001-2010,-14.88,-13.6,-5.73,3.52,9.7,15.74,18.55,17.2,12.7,4.7,-2.27,-11.56,2.94,76.79
15-5816-54402,2001-2010,-15.07,-13.76,-5.85,3.51,9.7,15.81,18.63,17.27,12.72,4.65,-2.45,-11.8,2.88,78.52
15-5833-54665,2001-2010,-15.22,-13.93,-5.96,3.46,9.66,15.84,18.69,17.34,12.78,4.58,-2.64,-12.03,2.81,78.71
15-5837-55088,2001-2010,-15.68,-14.39,-6.28,3.39,9.66,15.98,18.88,17.6,12.93,4.49,-3.02,-12.59,2.68,80.1
15-5842-54507,2001-2010,-15.12,-13.82,-5.9,3.48,9.66,15.81,18.63,17.27,12.73,4.62,-2.52,-11.88,2.84,78.71
15-5849-53998,2001-2010,-14.92,-13.69,-5.79,3.49,9.72,15.74,18.54,17.16,12.72,4.72,-2.29,-11.65,2.91,76.26
15-5849-54406,2001-2010,-15.06,-13.76,-5.86,3.49,9.68,15.79,18.61,17.25,12.72,4.65,-2.45,-11.8,2.87,78.49
15-5853-54894,2001-2010,-15.47,-14.18,-6.14,3.42,9.65,15.9,18.78,17.46,12.85,4.53,-2.86,-12.34,2.74,79.55
15-5858-54247,2001-2010,-14.95,-13.67,-5.8,3.49,9.71,15.77,18.59,17.22,12.73,4.71,-2.32,-11.67,2.92,77.28
15-5866-55770,2001-2010,-16.14,-14.82,-6.66,3.18,9.54,16.01,18.95,17.71,12.96,4.38,-3.32,-12.94,2.51,83.14
15-5888-53453,2001-2010,-14.7,-13.45,-5.66,3.48,9.57,15.61,18.44,17.15,12.69,4.72,-2.19,-11.36,2.96,75.61
15-5946-55139,2001-2010,-15.75,-14.47,-6.36,3.32,9.6,15.94,18.84,17.56,12.9,4.44,-3.06,-12.62,2.63,80.54
15-5955-54404,2001-2010,-14.98,-13.71,-5.87,3.43,9.62,15.73,18.55,17.17,12.7,4.64,-2.4,-11.73,2.86,77.87
15-5958-53772,2001-2010,-14.88,-13.64,-5.78,3.47,9.67,15.71,18.51,17.15,12.71,4.71,-2.27,-11.58,2.91,76.38
15-5965-54891,2001-2010,-15.43,-14.15,-6.16,3.36,9.56,15.83,18.7,17.36,12.8,4.5,-2.84,-12.26,2.71,79.3
15-5970-53925,2001-2010,-14.9,-13.71,-5.8,3.47,9.7,15.7,18.5,17.1,12.72,4.71,-2.28,-11.65,2.9,75.61
15-5975-53595,2001-2010,-14.75,-13.51,-5.72,3.45,9.58,15.62,18.44,17.13,12.69,4.71,-2.22,-11.43,2.93,76.11
15-5988-58262,2001-2010,-18.59,-17.43,-9.21,0.94,7.83,14.33,17.63,16.41,11.24,3.03,-5.39,-15.15,0.57,89.81
15-6011-55383,2001-2010,-16.08,-14.78,-6.62,3.19,9.54,15.99,18.9,17.66,12.94,4.38,-3.27,-12.86,2.51,82.09
15-6015-54420,2001-2010,-14.97,-13.7,-5.9,3.41,9.58,15.7,18.52,17.14,12.69,4.62,-2.42,-11.74,2.84,78.03
15-6034-54181,2001-2010,-14.95,-13.65,-5.83,3.49,9.74,15.79,18.61,17.25,12.77,4.78,-2.26,-11.65,2.94,77.1
15-6046-55042,2001-2010,-15.59,-14.33,-6.31,3.28,9.52,15.84,18.71,17.4,12.8,4.42,-3.02,-12.49,2.62,79.64
15-6048-54975,2001-2010,-15.51,-14.24,-6.26,3.29,9.52,15.81,18.67,17.34,12.79,4.46,-2.92,-12.34,2.65,79.3
15-6049-54231,2001-2010,-14.94,-13.66,-5.85,3.46,9.69,15.76,18.57,17.2,12.74,4.74,-2.29,-11.66,2.91,77.44
15-6052-53411,2001-2010,-14.57,-13.33,-5.67,3.41,9.46,15.49,18.36,17.06,12.67,4.74,-2.11,-11.25,2.95,75.14
15-6059-54782,2001-2010,-15.21,-13.97,-6.08,3.31,9.49,15.72,18.56,17.19,12.71,4.49,-2.7,-12.06,2.72,78.9
15-6060-55787,2001-2010,-16.16,-14.86,-6.72,3.07,9.44,15.87,18.81,17.55,12.82,4.28,-3.42,-12.95,2.41,83.3
15-6065-54144,2001-2010,-14.95,-13.64,-5.84,3.5,9.76,15.81,18.64,17.29,12.8,4.81,-2.23,-11.64,2.96,77.1
15-6075-53504,2001-2010,-14.63,-13.38,-5.7,3.41,9.49,15.52,18.38,17.07,12.67,4.73,-2.14,-11.31,2.94,75.61
15-6076-54043,2001-2010,-14.97,-13.64,-5.84,3.52,9.81,15.85,18.68,17.35,12.84,4.85,-2.2,-11.63,2.98,76.94
15-6090-55164,2001-2010,-15.77,-14.5,-6.45,3.2,9.46,15.83,18.72,17.42,12.8,4.36,-3.12,-12.61,2.55,80.85
15-6111-54547,2001-2010,-15,-13.76,-5.99,3.31,9.47,15.63,18.44,17.05,12.64,4.53,-2.52,-11.82,2.76,78.4
15-6126-53450,2001-2010,-14.56,-13.32,-5.69,3.38,9.43,15.46,18.34,17.04,12.66,4.73,-2.11,-11.24,2.94,75.27
15-6135-54228,2001-2010,-14.92,-13.65,-5.88,3.41,9.62,15.7,18.52,17.13,12.7,4.7,-2.32,-11.63,2.88,77.75
15-6136-53934,2001-2010,-14.9,-13.66,-5.82,3.46,9.69,15.72,18.53,17.15,12.74,4.74,-2.27,-11.59,2.92,76.35
15-6137-55606,2001-2010,-16.09,-14.81,-6.68,3.08,9.43,15.89,18.82,17.56,12.83,4.3,-3.36,-12.87,2.44,82.31
15-6143-55885,2001-2010,-16.23,-14.94,-6.81,2.92,9.3,15.75,18.7,17.41,12.69,4.17,-3.54,-13.02,2.3,83.98
15-6144-53765,2001-2010,-14.81,-13.58,-5.79,3.41,9.59,15.62,18.45,17.09,12.69,4.71,-2.25,-11.49,2.9,76.42
15-6146-53867,2001-2010,-14.87,-13.63,-5.81,3.44,9.65,15.68,18.5,17.12,12.72,4.72,-2.26,-11.56,2.91,76.38
15-6164-54885,2001-2010,-15.34,-14.1,-6.23,3.21,9.4,15.64,18.48,17.12,12.66,4.41,-2.83,-12.15,2.62,78.93
15-6217-55096,2001-2010,-15.66,-14.41,-6.45,3.12,9.35,15.71,18.58,17.25,12.69,4.31,-3.07,-12.46,2.52,80.26
15-6217-56090,2001-2010,-16.42,-15.13,-7.02,2.71,9.11,15.55,18.53,17.24,12.48,4,-3.76,-13.2,2.11,85.65
15-6228-53450,2001-2010,-14.49,-13.27,-5.7,3.34,9.37,15.39,18.28,16.99,12.65,4.73,-2.09,-11.17,2.93,75.02
15-6233-55269,2001-2010,-15.84,-14.6,-6.56,3.07,9.35,15.77,18.67,17.37,12.74,4.29,-3.23,-12.65,2.47,81.22
15-6244-55581,2001-2010,-16.04,-14.8,-6.68,3.01,9.33,15.8,18.74,17.46,12.76,4.25,-3.38,-12.8,2.4,81.84
15-6250-53348,2001-2010,-14.4,-13.19,-5.66,3.33,9.32,15.34,18.25,16.98,12.65,4.75,-2.04,-11.08,2.95,74.4
15-6253-53286,2001-2010,-14.37,-13.15,-5.64,3.33,9.31,15.32,18.24,16.98,12.65,4.76,-2.01,-11.04,2.96,74.12
15-6263-53964,2001-2010,-14.85,-13.6,-5.86,3.37,9.55,15.61,18.43,17.05,12.67,4.68,-2.29,-11.52,2.87,77.19
15-6300-55346,2001-2010,-15.87,-14.66,-6.6,2.99,9.28,15.73,18.66,17.37,12.72,4.25,-3.29,-12.64,2.43,80.82
15-6304-54898,2001-2010,-15.31,-14.09,-6.31,3.05,9.23,15.5,18.36,16.97,12.57,4.33,-2.87,-12.1,2.54,78.46
15-6317-54251,2001-2010,-14.88,-13.66,-6.01,3.21,9.33,15.46,18.27,16.82,12.54,4.51,-2.45,-11.63,2.72,78.86
15-6321-55100,2001-2010,-15.46,-14.26,-6.42,3.06,9.26,15.61,18.49,17.16,12.64,4.28,-3,-12.32,2.52,79.08
15-6332-53357,2001-2010,-14.34,-13.13,-5.66,3.29,9.27,15.28,18.2,16.94,12.64,4.75,-2.01,-11.02,2.95,74.12
15-6340-53970,2001-2010,-14.79,-13.55,-5.9,3.3,9.42,15.5,18.33,16.93,12.61,4.63,-2.31,-11.49,2.82,77.62
15-6345-54482,2001-2010,-14.93,-13.75,-6.15,3.08,9.16,15.34,18.15,16.66,12.46,4.34,-2.61,-11.73,2.6,79.3
15-6348-53492,2001-2010,-14.43,-13.22,-5.71,3.29,9.3,15.32,18.22,16.93,12.62,4.71,-2.07,-11.11,2.92,74.9
15-6375-53394,2001-2010,-14.32,-13.12,-5.67,3.27,9.25,15.25,18.18,16.92,12.63,4.74,-2,-11,2.94,74.09
15-6378-55460,2001-2010,-15.88,-14.7,-6.63,2.94,9.22,15.7,18.65,17.37,12.71,4.21,-3.34,-12.65,2.4,81.13
15-6383-54085,2001-2010,-14.81,-13.59,-6,3.19,9.29,15.4,18.23,16.77,12.52,4.51,-2.4,-11.55,2.72,78.62
15-6386-53456,2001-2010,-14.36,-13.16,-5.69,3.27,9.26,15.27,18.19,16.91,12.62,4.72,-2.03,-11.04,2.93,74.43
15-6401-54050,2001-2010,-14.79,-13.57,-5.99,3.18,9.28,15.39,18.22,16.76,12.52,4.52,-2.39,-11.52,2.73,78.46
15-6448-54598,2001-2010,-14.99,-13.84,-6.26,2.93,9,15.19,17.99,16.48,12.35,4.21,-2.73,-11.79,2.48,79.36
15-6457-55062,2001-2010,-15.31,-14.17,-6.39,2.96,9.1,15.43,18.31,17,12.6,4.31,-2.88,-12.09,2.51,77.69
15-6471-56202,2001-2010,-16.76,-15.5,-7.4,2.35,8.82,15.29,18.3,17,12.18,3.73,-4.11,-13.44,1.8,88.35
15-6493-54089,2001-2010,-14.79,-13.63,-6.13,3.02,9.06,15.19,18.01,16.48,12.37,4.33,-2.51,-11.57,2.58,79.55
15-6500-55194,2001-2010,-15.66,-14.52,-6.6,2.88,9.08,15.5,18.4,17.11,12.59,4.24,-3.2,-12.41,2.38,79.98
15-6508-53496,2001-2010,-14.19,-13.03,-5.71,3.14,9.07,15.06,18.01,16.79,12.57,4.72,-1.95,-10.87,2.9,73.47
15-6523-56318,2001-2010,-17.03,-15.75,-7.69,2.14,8.67,15.17,18.21,16.89,12.02,3.56,-4.36,-13.72,1.61,90.24
15-6531-54804,2001-2010,-15,-13.89,-6.31,2.91,8.98,15.17,18.04,16.59,12.41,4.25,-2.74,-11.84,2.48,77.69
15-6578-54141,2001-2010,-14.83,-13.71,-6.27,2.86,8.88,15,17.81,16.19,12.22,4.13,-2.65,-11.65,2.43,80.57
15-6600-55380,2001-2010,-15.84,-14.71,-6.69,2.78,9.02,15.49,18.44,17.19,12.6,4.16,-3.33,-12.54,2.31,79.76
15-6617-56410,2001-2010,-17.4,-16.11,-8.01,1.87,8.51,15.05,18.09,16.76,11.81,3.34,-4.72,-14.09,1.36,92.5
15-6723-53466,2001-2010,-13.91,-12.78,-5.65,3.07,8.93,14.87,17.9,16.74,12.56,4.79,-1.78,-10.59,2.94,71.61
15-6733-56270,2001-2010,-17.07,-15.8,-7.76,2.02,8.56,15.07,18.12,16.82,11.93,3.5,-4.39,-13.74,1.54,89.84
15-6742-56100,2001-2010,-16.74,-15.51,-7.48,2.19,8.63,15.12,18.13,16.89,12.12,3.71,-4.04,-13.33,1.74,86.68
15-6747-53842,2001-2010,-14.31,-13.19,-5.94,2.94,8.87,14.87,17.81,16.45,12.39,4.48,-2.16,-11.03,2.69,74.83
15-6758-53944,2001-2010,-14.48,-13.4,-6.09,2.86,8.81,14.84,17.74,16.28,12.29,4.32,-2.34,-11.22,2.56,76.38
15-6767-55061,2001-2010,-15.2,-14.1,-6.47,2.72,8.77,15.06,17.97,16.74,12.46,4.28,-2.76,-11.85,2.4,75.92
15-6775-54775,2001-2010,-14.95,-13.86,-6.4,2.71,8.69,14.84,17.71,16.27,12.25,4.13,-2.7,-11.7,2.35,77.35
15-6812-53794,2001-2010,-14.12,-13.04,-5.86,2.95,8.84,14.8,17.79,16.51,12.42,4.58,-2,-10.83,2.77,73.38
15-6815-53784,2001-2010,-14.09,-13.01,-5.84,2.95,8.84,14.79,17.79,16.52,12.43,4.6,-1.98,-10.8,2.78,73.13
15-6824-55113,2001-2010,-15.21,-14.13,-6.45,2.7,8.74,15.04,17.98,16.78,12.47,4.29,-2.76,-11.85,2.39,75.39
15-6825-55952,2001-2010,-16.52,-15.34,-7.33,2.27,8.65,15.12,18.12,16.92,12.21,3.85,-3.81,-13.04,1.86,83.82
15-6827-54135,2001-2010,-14.85,-13.83,-6.42,2.68,8.66,14.69,17.52,15.81,12.03,3.91,-2.78,-11.68,2.24,79.67
15-6828-53703,2001-2010,-13.96,-12.88,-5.77,2.97,8.84,14.78,17.8,16.6,12.48,4.69,-1.86,-10.66,2.85,72.2
15-6832-53585,2001-2010,-13.8,-12.74,-5.67,3.02,8.85,14.78,17.82,16.67,12.53,4.79,-1.74,-10.51,2.93,71.21
15-6843-53443,2001-2010,-13.68,-12.61,-5.6,3.04,8.85,14.75,17.82,16.73,12.57,4.87,-1.63,-10.39,2.98,70.43
15-6844-53328,2001-2010,-13.63,-12.56,-5.56,3.05,8.85,14.75,17.83,16.77,12.59,4.91,-1.58,-10.34,3.02,70.06
15-6869-55111,2001-2010,-15.2,-14.13,-6.47,2.67,8.7,14.98,17.93,16.74,12.43,4.27,-2.76,-11.85,2.37,75.52
15-6881-55875,2001-2010,-16.4,-15.26,-7.27,2.25,8.58,15.06,18.07,16.9,12.23,3.91,-3.71,-12.88,1.89,82.09
15-6889-55829,2001-2010,-16.34,-15.2,-7.22,2.29,8.6,15.07,18.07,16.91,12.25,3.94,-3.65,-12.82,1.93,81.44
15-6890-55500,2001-2010,-15.95,-14.84,-6.93,2.46,8.66,15.11,18.08,16.94,12.39,4.12,-3.31,-12.44,2.13,78.09
15-6895-56512,2001-2010,-17.75,-16.42,-8.33,1.58,8.32,14.92,17.99,16.63,11.59,3.1,-5.06,-14.44,1.11,95.05
15-6904-53837,2001-2010,-14.07,-13.01,-5.88,2.91,8.77,14.72,17.73,16.46,12.4,4.57,-1.99,-10.77,2.75,72.73
15-6908-56374,2001-2010,-17.51,-16.24,-8.16,1.66,8.33,14.9,17.96,16.65,11.7,3.26,-4.79,-14.11,1.24,92.1
15-6910-53378,2001-2010,-13.56,-12.5,-5.56,3.03,8.82,14.71,17.8,16.75,12.59,4.92,-1.55,-10.27,3.03,69.81
15-6913-53983,2001-2010,-14.4,-13.36,-6.1,2.81,8.72,14.69,17.64,16.2,12.24,4.31,-2.31,-11.12,2.54,75.05
15-6931-55274,2001-2010,-15.7,-14.63,-6.84,2.5,8.65,15.03,17.99,16.82,12.38,4.19,-3.13,-12.21,2.18,77.28
15-6958-53562,2001-2010,-13.6,-12.55,-5.63,2.99,8.78,14.66,17.75,16.68,12.55,4.87,-1.61,-10.32,2.98,70.25
15-6959-55251,2001-2010,-15.35,-14.31,-6.67,2.58,8.63,14.96,17.93,16.82,12.4,4.27,-2.79,-11.9,2.31,75.21
15-6978-59597,2001-2010,-21.29,-20.67,-12.51,-1.84,5.74,12.19,16.07,15.2,9.74,1.87,-6.95,-17.63,-1.57,82.96
15-6979-53586,2001-2010,-13.57,-12.53,-5.64,2.98,8.76,14.64,17.73,16.67,12.54,4.88,-1.6,-10.29,2.98,70.15
15-6979-55108,2001-2010,-15.02,-13.99,-6.45,2.61,8.55,14.79,17.78,16.65,12.39,4.33,-2.6,-11.64,2.39,74.28
15-6981-54703,2001-2010,-14.84,-13.78,-6.36,2.67,8.6,14.68,17.6,16.15,12.19,4.13,-2.62,-11.55,2.33,76.51
15-6985-55358,2001-2010,-15.82,-14.75,-6.92,2.41,8.59,14.99,17.96,16.82,12.33,4.15,-3.2,-12.27,2.12,77.19
15-6988-53913,2001-2010,-14.07,-13.03,-5.91,2.88,8.73,14.67,17.68,16.4,12.36,4.54,-2.01,-10.76,2.72,72.45
15-7008-55644,2001-2010,-16.16,-15.06,-7.14,2.26,8.51,14.97,17.96,16.84,12.24,4.03,-3.44,-12.53,1.98,77.84
15-7020-53669,2001-2010,-13.58,-12.56,-5.67,2.96,8.74,14.62,17.71,16.63,12.52,4.85,-1.63,-10.3,2.95,70.06
15-7025-53379,2001-2010,-13.41,-12.38,-5.55,3.02,8.76,14.62,17.74,16.73,12.59,4.97,-1.47,-10.14,3.05,69.38
15-7031-55216,2001-2010,-15.25,-14.23,-6.62,2.51,8.46,14.73,17.75,16.69,12.34,4.33,-2.72,-11.75,2.29,75.21
15-7043-56488,2001-2010,-17.72,-16.42,-8.36,1.54,8.26,14.86,17.93,16.59,11.56,3.11,-5,-14.34,1.1,93.99
15-7048-55476,2001-2010,-15.98,-14.92,-7.05,2.29,8.49,14.92,17.9,16.79,12.26,4.11,-3.29,-12.35,2.03,76.42
15-7050-54058,2001-2010,-14.31,-13.29,-6.07,2.78,8.67,14.63,17.6,16.2,12.25,4.35,-2.22,-10.99,2.56,73.63
15-7053-53459,2001-2010,-13.39,-12.38,-5.59,2.98,8.73,14.59,17.7,16.69,12.57,4.95,-1.49,-10.14,3.03,69.84
15-7067-53777,2001-2010,-13.63,-12.6,-5.68,2.95,8.73,14.61,17.71,16.61,12.5,4.82,-1.65,-10.32,2.93,69.81
15-7080-54418,2001-2010,-14.78,-13.77,-6.37,2.66,8.6,14.59,17.5,15.9,12.08,4.02,-2.65,-11.49,2.28,76.51
15-7085-54809,2001-2010,-14.77,-13.73,-6.34,2.66,8.56,14.65,17.63,16.36,12.29,4.31,-2.46,-11.36,2.41,74.31
15-7088-54764,2001-2010,-14.76,-13.73,-6.33,2.66,8.57,14.65,17.62,16.32,12.27,4.29,-2.47,-11.36,2.4,74.56
15-7091-53688,2001-2010,-13.48,-12.46,-5.63,2.96,8.72,14.59,17.7,16.65,12.53,4.9,-1.55,-10.2,2.99,69.66
15-7111-54802,2001-2010,-14.75,-13.71,-6.33,2.66,8.55,14.64,17.63,16.38,12.29,4.33,-2.43,-11.32,2.43,74
15-7156-54333,2001-2010,-14.56,-13.55,-6.23,2.71,8.61,14.59,17.54,16.06,12.18,4.2,-2.42,-11.22,2.42,74.65
15-7163-54881,2001-2010,-14.74,-13.71,-6.33,2.63,8.51,14.62,17.64,16.48,12.34,4.41,-2.36,-11.26,2.45,72.94
15-7307-50900,2001-2010,-14.31,-13.29,-6.07,2.76,8.62,14.57,17.58,16.22,12.28,4.38,-2.18,-10.94,2.56,72.73
16-2773-53446,2001-2010,-13.24,-12.29,-5.65,2.93,8.66,14.51,17.63,16.62,12.54,4.96,-1.46,-10.05,3.02,71.08
16-2832-54685,2001-2010,-14.62,-13.6,-6.26,2.67,8.55,14.6,17.6,16.33,12.28,4.36,-2.34,-11.17,2.46,73.59
16-2858-55459,2001-2010,-15.89,-14.84,-7.04,2.18,8.29,14.69,17.7,16.68,12.17,4.12,-3.18,-12.17,1.99,74.68
16-2901-53647,2001-2010,-13.1,-12.11,-5.49,3,8.7,14.54,17.72,16.75,12.63,5.07,-1.25,-9.82,3.15,68.36
16-3069-55034,2001-2010,-14.85,-13.91,-6.55,2.41,8.28,14.42,17.55,16.65,12.31,4.53,-2.3,-11.18,2.38,71.05
16-3076-55545,2001-2010,-16.28,-15.25,-7.51,1.8,7.93,14.34,17.42,16.45,11.89,3.99,-3.39,-12.32,1.69,74.96
16-3103-54530,2001-2010,-14.15,-13.15,-6.03,2.68,8.46,14.43,17.59,16.61,12.44,4.73,-1.81,-10.52,2.7,69.19
16-3132-54041,2001-2010,-13.19,-12.16,-5.38,2.98,8.62,14.48,17.75,16.85,12.69,5.13,-1.1,-9.67,3.18,64.79
16-3199-53954,2001-2010,-12.96,-11.9,-5.22,3.04,8.65,14.47,17.78,16.92,12.75,5.26,-0.88,-9.44,3.3,62.96
16-3207-54488,2001-2010,-13.99,-13.01,-5.95,2.69,8.43,14.39,17.59,16.72,12.51,4.87,-1.64,-10.28,2.79,67.67
16-3223-54503,2001-2010,-14.01,-13.03,-5.97,2.67,8.41,14.38,17.59,16.74,12.51,4.88,-1.63,-10.28,2.79,67.55
16-3237-55525,2001-2010,-16.73,-15.74,-7.89,1.47,7.68,14.14,17.19,16.27,11.68,3.81,-3.73,-12.57,1.4,72.45
16-3240-55701,2001-2010,-17.04,-16.02,-8.11,1.33,7.61,14.11,17.13,16.16,11.52,3.62,-4,-12.84,1.22,73.78
16-3297-55263,2001-2010,-15.66,-14.78,-7.24,1.85,7.8,14.11,17.28,16.52,12.06,4.34,-2.81,-11.65,1.92,70.31
16-3319-54724,2001-2010,-14.34,-13.41,-6.28,2.44,8.2,14.25,17.5,16.78,12.45,4.85,-1.77,-10.51,2.61,68.08
16-3346-55390,2001-2010,-16.44,-15.51,-7.76,1.5,7.61,14.02,17.16,16.27,11.75,4,-3.46,-12.26,1.51,69.84
16-3411-55531,2001-2010,-17.18,-16.18,-8.25,1.17,7.41,13.89,16.96,16.02,11.43,3.62,-4.08,-12.86,1.1,69.29
16-3431-54406,2001-2010,-13.84,-12.84,-5.89,2.6,8.32,14.28,17.56,16.86,12.59,5.08,-1.38,-9.98,2.88,65.6
16-3483-54344,2001-2010,-13.75,-12.73,-5.82,2.63,8.33,14.28,17.57,16.89,12.62,5.14,-1.29,-9.89,2.93,64.91
16-3488-53829,2001-2010,-12.57,-11.46,-4.89,3.09,8.56,14.3,17.73,16.93,12.85,5.49,-0.51,-9.04,3.47,60.67
16-3492-57692,2001-2010,-18.89,-17.83,-9.69,0.5,7.63,14.14,17.37,16.07,10.98,2.81,-5.59,-15.22,0.29,91.73
16-3500-55543,2001-2010,-17.43,-16.4,-8.43,1.03,7.26,13.75,16.81,15.84,11.29,3.51,-4.28,-13.03,0.93,68.32
16-3534-54692,2001-2010,-14.2,-13.33,-6.27,2.35,8.1,14.16,17.48,16.94,12.56,5.07,-1.52,-10.19,2.7,65.84
16-3557-55322,2001-2010,-16.13,-15.34,-7.69,1.46,7.45,13.86,17.1,16.44,11.9,4.25,-3.1,-11.9,1.63,67.8
16-3576-55491,2001-2010,-17.25,-16.25,-8.34,1.06,7.24,13.74,16.83,15.93,11.38,3.64,-4.12,-12.87,1.02,67.61
16-3593-54568,2001-2010,-14.07,-13.13,-6.14,2.41,8.16,14.19,17.5,16.97,12.6,5.14,-1.41,-10.05,2.78,64.95
16-3610-55699,2001-2010,-18.07,-16.95,-8.84,0.75,7.07,13.59,16.57,15.48,10.93,3.13,-4.84,-13.54,0.54,68.29
16-3634-54687,2001-2010,-14.17,-13.31,-6.28,2.32,8.06,14.13,17.47,17.02,12.6,5.16,-1.42,-10.09,2.72,64.76
16-3646-55478,2001-2010,-17.19,-16.22,-8.33,1.05,7.21,13.71,16.83,15.96,11.42,3.7,-4.05,-12.82,1.04,66.96
16-3666-53602,2001-2010,-12.44,-11.29,-4.77,3.09,8.47,14.13,17.61,16.88,12.88,5.58,-0.41,-8.92,3.5,60.73
16-3680-53921,2001-2010,-13.05,-11.93,-5.24,2.9,8.45,14.24,17.63,16.91,12.76,5.37,-0.8,-9.33,3.25,62.4
16-3700-54335,2001-2010,-13.89,-12.82,-5.94,2.48,8.25,14.22,17.53,17,12.66,5.24,-1.27,-9.86,2.9,63.46
16-3706-53956,2001-2010,-13.19,-12.08,-5.35,2.84,8.42,14.23,17.61,16.92,12.74,5.33,-0.88,-9.42,3.19,62.71
16-3723-53954,2001-2010,-13.21,-12.09,-5.37,2.83,8.41,14.23,17.61,16.92,12.74,5.33,-0.89,-9.43,3.18,62.78
16-3744-54268,2001-2010,-13.85,-12.77,-5.9,2.5,8.26,14.22,17.53,17,12.67,5.26,-1.24,-9.81,2.92,63.27
16-3864-56799,2001-2010,-17.94,-16.93,-9.02,0.95,7.77,14.21,17.38,16.21,11.3,3.19,-4.8,-14.1,0.79,88.07
16-3884-54562,2001-2010,-14.06,-13.01,-6.14,2.34,8.18,14.21,17.51,17.13,12.69,5.3,-1.31,-9.91,2.85,62.59
16-3964-54451,2001-2010,-14.01,-12.87,-6.06,2.37,8.25,14.26,17.54,17.14,12.72,5.35,-1.31,-9.87,2.89,62
16-4137-58866,2001-2010,-20,-19.19,-11.05,-0.58,6.83,13.26,16.73,15.55,10.39,2.51,-6.09,-16.1,-0.54,87.42
16-4324-56660,2001-2010,-17.71,-16.79,-8.96,0.89,7.67,14.01,17.22,16.14,11.33,3.37,-4.5,-13.69,0.85,83.82
16-4332-55499,2001-2010,-15.57,-15.02,-7.6,1.59,7.65,13.86,17.23,16.79,12.17,4.65,-2.41,-11.35,1.94,73.78
16-4348-54546,2001-2010,-14.22,-13.3,-6.38,2.2,8.07,14.02,17.35,17,12.58,5.19,-1.41,-10.02,2.69,64.54
16-4359-55570,2001-2010,-15.84,-15.2,-7.73,1.53,7.7,13.91,17.22,16.69,12.07,4.49,-2.68,-11.61,1.81,74.93
16-4420-54651,2001-2010,-14.45,-13.64,-6.64,2.08,7.99,13.95,17.3,16.95,12.5,5.09,-1.56,-10.21,2.54,66.93
16-4433-55531,2001-2010,-15.76,-15.1,-7.68,1.58,7.77,13.95,17.26,16.74,12.11,4.51,-2.58,-11.53,1.87,75.7
16-4450-54254,2001-2010,-14.05,-13.05,-6.23,2.24,8.07,13.8,17.13,16.82,12.49,5.14,-1.37,-9.9,2.69,64.85
16-4521-55219,2001-2010,-15.62,-14.98,-7.64,1.64,7.9,14.06,17.35,16.81,12.19,4.59,-2.41,-11.37,1.98,76.51
16-4548-54782,2001-2010,-15.03,-14.25,-7.11,1.88,8,13.98,17.28,16.83,12.32,4.8,-2,-10.76,2.26,72.08
16-4566-55070,2001-2010,-15.66,-14.95,-7.63,1.67,7.98,14.11,17.36,16.78,12.17,4.56,-2.45,-11.4,1.98,76.85
16-4688-55390,2001-2010,-16.26,-15.4,-7.97,1.54,8.1,14.23,17.38,16.59,11.96,4.2,-2.96,-11.96,1.73,79.92
16-4747-54847,2001-2010,-16,-15.05,-7.74,1.65,8.17,14.2,17.34,16.58,12.02,4.29,-2.78,-11.65,1.86,78.68
16-4753-58628,2001-2010,-19.83,-19.01,-10.91,-0.45,7.03,13.41,16.78,15.52,10.47,2.6,-5.94,-15.85,-0.41,88.13
16-4802-54759,2001-2010,-15.83,-14.85,-7.6,1.7,8.16,14.12,17.26,16.56,12.04,4.35,-2.65,-11.46,1.92,77.69
16-4824-54701,2001-2010,-15.61,-14.63,-7.44,1.75,8.14,14.02,17.19,16.56,12.07,4.44,-2.5,-11.26,1.99,76.45
16-4882-55089,2001-2010,-17.16,-16.05,-8.48,1.4,8.37,14.57,17.56,16.41,11.72,3.73,-3.67,-12.72,1.41,84.1
16-4995-54471,2001-2010,-14.67,-13.67,-6.81,1.91,7.98,13.5,16.68,16.44,12.13,4.74,-1.88,-10.36,2.26,71.33
16-5042-54260,2001-2010,-13.81,-12.84,-6.34,2.01,7.79,13.03,16.13,16.28,12.08,4.99,-1.33,-9.54,2.47,67.43
16-5079-54800,2001-2010,-16.57,-15.47,-8.07,1.53,8.28,14.33,17.36,16.43,11.85,3.99,-3.23,-12.13,1.63,81.72
16-5087-55041,2001-2010,-17.37,-16.22,-8.61,1.36,8.41,14.65,17.61,16.38,11.67,3.62,-3.83,-12.9,1.33,85.16
16-5188-55331,2001-2010,-17.03,-15.93,-8.4,1.43,8.34,14.5,17.51,16.41,11.74,3.78,-3.57,-12.61,1.45,83.36
16-5406-54956,2001-2010,-16.39,-15.3,-7.97,1.57,8.27,14.23,17.25,16.41,11.89,4.08,-3.09,-11.94,1.68,80.41
16-5412-54570,2001-2010,-15,-13.99,-7.06,1.85,8.09,13.61,16.63,16.38,12.16,4.66,-2.1,-10.59,2.15,73.22
16-5494-59810,2001-2010,-20.9,-20.22,-12.61,-2.01,5.95,11.99,15.85,14.66,9.69,2.45,-6.17,-16.39,-1.37,87.76
16-5538-55350,2001-2010,-16.44,-15.38,-8.03,1.5,8.22,14.16,17.19,16.37,11.86,4.06,-3.13,-11.98,1.63,80.45
16-5630-58465,2001-2010,-19.6,-18.84,-10.99,-0.57,7.02,13.26,16.72,15.5,10.53,2.74,-5.63,-15.39,-0.33,87.02
16-5657-55074,2001-2010,-15.97,-14.89,-7.7,1.62,8.22,13.99,17.01,16.38,11.99,4.28,-2.75,-11.48,1.82,78.28
16-5774-55353,2001-2010,-16.12,-15.05,-7.82,1.55,8.23,13.98,17.01,16.34,11.95,4.23,-2.81,-11.59,1.76,79.11
16-5818-55170,2001-2010,-15.87,-14.78,-7.63,1.61,8.23,13.9,16.93,16.34,12.01,4.32,-2.64,-11.33,1.86,77.87
16-5856-60025,2001-2010,-21.48,-20.88,-13.45,-2.73,5.47,11.34,15.38,14.19,9.28,2.35,-6.32,-16.68,-1.85,89.13
16-6003-54025,2001-2010,-13.1,-12.14,-5.86,2.24,8.04,12.79,15.57,16.24,12.62,5.46,-0.77,-8.68,2.8,64.54
16-6052-53171,2001-2010,-12.24,-11.38,-5.49,2.39,8.11,13.08,15.75,16.34,12.79,5.7,-0.16,-7.89,3.18,68.88
16-6053-54810,2001-2010,-15.19,-14.08,-7.2,1.73,8.26,13.6,16.58,16.27,12.16,4.61,-2.09,-10.66,2.1,74.46
16-6094-53522,2001-2010,-12.66,-11.76,-5.67,2.34,8.15,12.96,15.65,16.28,12.72,5.57,-0.46,-8.27,3,66.9
16-6121-53610,2001-2010,-12.76,-11.84,-5.71,2.32,8.15,12.96,15.65,16.27,12.69,5.53,-0.52,-8.37,2.96,66.68
16-6192-53335,2001-2010,-12.59,-11.75,-5.71,2.36,8.27,13.23,15.79,16.28,12.73,5.56,-0.37,-8.18,3.06,70.71
16-6225-54072,2001-2010,-13.63,-12.61,-6.23,2.12,8.21,13.13,15.89,16.25,12.5,5.23,-1.08,-9.17,2.64,67.98
16-6284-60018,2001-2010,-21.44,-20.83,-13.44,-2.74,5.48,11.32,15.37,14.18,9.31,2.39,-6.23,-16.57,-1.83,89.13
16-6292-60223,2001-2010,-21.84,-21.28,-13.96,-3.18,5.17,10.93,15.09,13.91,9.03,2.28,-6.42,-16.84,-2.15,90.15
16-6348-54346,2001-2010,-14.51,-13.41,-6.77,1.91,8.33,13.44,16.23,16.21,12.32,4.87,-1.58,-10.01,2.35,71.92
16-6398-54390,2001-2010,-14.69,-13.56,-6.88,1.85,8.36,13.51,16.3,16.2,12.28,4.8,-1.68,-10.18,2.29,72.79
16-6420-54760,2001-2010,-15.59,-14.36,-7.44,1.61,8.43,13.71,16.63,16.13,12.08,4.44,-2.26,-11.07,1.96,76.82
16-6439-54864,2001-2010,-15.84,-14.58,-7.59,1.55,8.45,13.77,16.7,16.1,12.03,4.34,-2.41,-11.35,1.86,78.15
16-6447-54048,2001-2010,-13.94,-12.9,-6.45,2.05,8.36,13.4,16.1,16.23,12.44,5.08,-1.24,-9.49,2.56,70.96
16-6450-53469,2001-2010,-12.83,-12.03,-5.92,2.33,8.47,13.49,15.88,16.24,12.69,5.44,-0.5,-8.4,3,74.06
16-6497-54012,2001-2010,-13.94,-12.9,-6.45,2.05,8.4,13.44,16.12,16.23,12.44,5.06,-1.24,-9.46,2.57,71.58
16-6583-54325,2001-2010,-14.86,-13.72,-6.97,1.83,8.48,13.63,16.39,16.18,12.26,4.74,-1.76,-10.31,2.25,73.69
16-6678-52804,2001-2010,-12.26,-11.58,-5.63,2.52,8.63,13.75,16.07,16.37,12.88,5.67,-0.14,-7.91,3.29,75.64
16-6678-54040,2001-2010,-14.26,-13.17,-6.65,1.99,8.53,13.64,16.29,16.21,12.4,4.94,-1.39,-9.72,2.5,73.47
16-6683-54413,2001-2010,-15.27,-14.07,-7.22,1.72,8.54,13.74,16.53,16.13,12.17,4.58,-1.99,-10.7,2.11,75.55
16-6697-54829,2001-2010,-16.36,-14.97,-7.88,1.39,8.55,13.85,16.8,15.97,11.92,4.11,-2.69,-11.84,1.67,80.32
16-6699-53200,2001-2010,-12.53,-11.88,-5.86,2.41,8.57,13.63,15.76,16.19,12.77,5.54,-0.27,-8.13,3.11,77.44
16-6710-52766,2001-2010,-12.17,-11.49,-5.57,2.57,8.67,13.81,16.16,16.42,12.92,5.7,-0.1,-7.85,3.35,75.24
16-6714-52922,2001-2010,-12.5,-11.81,-5.8,2.44,8.61,13.69,15.92,16.26,12.8,5.57,-0.27,-8.11,3.16,76.57
16-6718-52845,2001-2010,-12.37,-11.68,-5.71,2.49,8.64,13.75,16.04,16.33,12.85,5.61,-0.2,-8.02,3.24,75.98
16-6727-53244,2001-2010,-12.56,-11.89,-5.86,2.41,8.57,13.64,15.79,16.2,12.77,5.54,-0.29,-8.15,3.11,77.25
16-6735-52992,2001-2010,-12.54,-11.85,-5.84,2.43,8.59,13.67,15.85,16.23,12.78,5.55,-0.28,-8.13,3.13,76.94
16-6806-52194,2001-2010,-10.4,-10.01,-4.6,3.39,9.34,14.69,17.32,17.28,13.71,6.59,0.97,-6.29,4.43,77
16-6806-52259,2001-2010,-10.66,-10.21,-4.72,3.26,9.23,14.55,17.16,17.15,13.59,6.46,0.81,-6.53,4.27,76.42
16-6809-53004,2001-2010,-12.56,-11.88,-5.85,2.43,8.61,13.69,15.88,16.24,12.78,5.54,-0.3,-8.16,3.13,76.91
16-6811-52113,2001-2010,-10.12,-9.78,-4.47,3.52,9.47,14.85,17.49,17.4,13.85,6.74,1.13,-6.02,4.6,77.56
16-6823-52566,2001-2010,-11.72,-11.11,-5.28,2.83,8.93,14.15,16.63,16.69,13.13,5.92,0.16,-7.45,3.67,75.27
16-6829-52763,2001-2010,-12.24,-11.57,-5.6,2.6,8.77,13.94,16.29,16.46,12.93,5.68,-0.15,-7.9,3.36,75.83
16-6845-52653,2001-2010,-11.95,-11.33,-5.42,2.74,8.87,14.07,16.5,16.59,13.04,5.81,0.01,-7.66,3.53,75.33
16-6855-52885,2001-2010,-12.55,-11.85,-5.81,2.47,8.71,13.83,16.12,16.34,12.81,5.54,-0.32,-8.17,3.18,76.23
16-6867-52661,2001-2010,-11.99,-11.37,-5.44,2.73,8.88,14.09,16.51,16.59,13.03,5.79,-0.02,-7.7,3.52,75.39
16-6971-52177,2001-2010,-10.43,-10.05,-4.6,3.48,9.52,14.91,17.5,17.35,13.76,6.61,0.95,-6.33,4.48,77.78
16-6991-54320,2001-2010,-15.48,-14.21,-7.36,1.7,8.72,14,16.72,16.15,12.17,4.5,-2.1,-10.87,2.09,76.38
16-7004-52204,2001-2010,-10.58,-10.17,-4.66,3.44,9.53,14.91,17.48,17.32,13.72,6.54,0.86,-6.46,4.42,77.62
16-7046-52151,2001-2010,-10.39,-10.02,-4.56,3.55,9.63,15.02,17.61,17.41,13.82,6.64,0.97,-6.26,4.55,77.93
16-7098-52235,2001-2010,-10.74,-10.31,-4.72,3.43,9.58,14.97,17.52,17.3,13.67,6.47,0.75,-6.62,4.37,77.69
16-7100-51834,2001-2010,-9.47,-9.33,-4.23,3.92,9.92,15.36,18.05,17.77,14.21,7.12,1.52,-5.46,5.05,79.73
16-7102-54270,2001-2010,-15.36,-14.18,-7.29,1.73,8.79,14.04,16.72,16.17,12.2,4.56,-2.02,-10.76,2.15,76.23
16-7122-53960,2001-2010,-14.67,-13.56,-6.9,1.94,8.81,14.05,16.62,16.24,12.34,4.79,-1.63,-10.1,2.42,75.14
16-7134-51997,2001-2010,-9.92,-9.64,-4.34,3.75,9.8,15.24,17.87,17.61,14.01,6.88,1.24,-5.85,4.82,78.59
16-7139-53538,2001-2010,-13.69,-12.83,-6.38,2.24,8.92,14.13,16.54,16.34,12.58,5.1,-1.05,-9.24,2.82,75.21
16-7153-52806,2001-2010,-12.8,-12.11,-5.86,2.63,9.19,14.52,16.85,16.58,12.87,5.44,-0.57,-8.46,3.29,76.2
16-7186-51904,2001-2010,-9.66,-9.46,-4.24,3.86,9.89,15.35,18,17.71,14.12,7.02,1.4,-5.64,4.96,79.21
16-7267-52208,2001-2010,-10.75,-10.32,-4.67,3.51,9.72,15.15,17.69,17.36,13.71,6.47,0.73,-6.61,4.43,78.18
17-2752-51845,2001-2010,-9.7,-9.46,-4.16,3.91,9.99,15.49,18.11,17.76,14.13,7,1.37,-5.69,4.99,79.95
17-2792-52332,2001-2010,-11.31,-10.81,-4.97,3.31,9.66,15.1,17.57,17.19,13.48,6.19,0.37,-7.17,4.15,77.78
17-2800-52265,2001-2010,-11.05,-10.58,-4.81,3.43,9.72,15.17,17.66,17.29,13.6,6.33,0.53,-6.93,4.29,78.12
17-2809-52215,2001-2010,-10.9,-10.46,-4.72,3.5,9.8,15.28,17.77,17.36,13.67,6.4,0.62,-6.76,4.39,78.34
17-2822-52479,2001-2010,-12.02,-11.43,-5.35,3.04,9.56,15,17.4,16.97,13.23,5.82,-0.13,-7.81,3.78,77.1
17-2837-53860,2001-2010,-14.52,-13.47,-6.78,2.02,8.94,14.22,16.74,16.3,12.41,4.85,-1.53,-9.98,2.53,75.21
17-2851-51570,2001-2010,-9.42,-9.19,-3.94,4.07,10.13,15.64,18.29,17.89,14.25,7.15,1.56,-5.42,5.18,80.35
17-2857-52221,2001-2010,-10.98,-10.53,-4.74,3.51,9.85,15.36,17.82,17.37,13.65,6.36,0.57,-6.85,4.38,78.71
17-2862-52249,2001-2010,-11.09,-10.63,-4.8,3.47,9.83,15.35,17.8,17.33,13.6,6.3,0.49,-6.95,4.32,78.59
17-2866-53707,2001-2010,-14.22,-13.28,-6.64,2.14,9.04,14.32,16.78,16.35,12.49,4.93,-1.37,-9.73,2.66,75.08
17-2870-51459,2001-2010,-9.31,-9.1,-3.84,4.13,10.17,15.67,18.35,17.94,14.31,7.2,1.63,-5.3,5.25,79.92
17-2880-52035,2001-2010,-10.35,-9.96,-4.4,3.76,9.98,15.49,18.02,17.6,13.9,6.69,0.97,-6.24,4.72,79.45
17-2880-52069,2001-2010,-10.47,-10.06,-4.45,3.72,9.96,15.46,17.99,17.56,13.86,6.61,0.89,-6.36,4.66,78.96
17-2884-53030,2001-2010,-14.04,-13.24,-6.53,2.32,9.41,14.9,17.18,16.45,12.55,4.83,-1.47,-9.64,2.83,76.38
17-2933-51822,2001-2010,-9.87,-9.55,-4.1,3.95,10.09,15.62,18.2,17.76,14.08,6.9,1.26,-5.86,4.97,80.41
17-2953-54198,2001-2010,-15.52,-14.33,-7.38,1.72,8.9,14.24,16.86,16.21,12.19,4.52,-2.09,-10.87,2.14,75.95
17-2975-52266,2001-2010,-11.27,-10.79,-4.88,3.44,9.87,15.4,17.83,17.31,13.55,6.21,0.37,-7.18,4.25,78.83
17-2976-52164,2001-2010,-10.85,-10.41,-4.62,3.61,9.95,15.47,17.95,17.46,13.72,6.41,0.64,-6.74,4.48,78.8
17-3006-52333,2001-2010,-11.61,-11.08,-5.08,3.31,9.83,15.37,17.77,17.21,13.43,6.05,0.15,-7.47,4.09,78.46
17-3006-53592,2001-2010,-14.3,-13.36,-6.66,2.18,9.19,14.58,16.97,16.39,12.49,4.87,-1.48,-9.82,2.69,75.58
17-3014-51622,2001-2010,-9.64,-9.33,-3.89,4.09,10.22,15.77,18.36,17.87,14.18,7.02,1.41,-5.63,5.13,81.28
17-3053-51969,2001-2010,-10.26,-9.86,-4.24,3.87,10.12,15.65,18.16,17.67,13.94,6.7,1,-6.21,4.81,80.63
17-3074-52158,2001-2010,-10.87,-10.41,-4.6,3.64,10.01,15.56,18,17.48,13.71,6.4,0.61,-6.76,4.49,79.64
17-3086-52062,2001-2010,-10.58,-10.12,-4.41,3.77,10.08,15.61,18.1,17.59,13.83,6.55,0.8,-6.48,4.66,80.29
17-3090-52347,2001-2010,-11.79,-11.26,-5.16,3.28,9.86,15.42,17.81,17.2,13.39,5.96,0.03,-7.64,4.02,78.28
17-3091-51898,2001-2010,-10.14,-9.74,-4.14,3.95,10.18,15.71,18.24,17.73,13.99,6.76,1.08,-6.09,4.89,81.22
17-3094-52159,2001-2010,-10.88,-10.41,-4.59,3.65,10.02,15.57,18.02,17.49,13.71,6.39,0.61,-6.77,4.5,79.73
17-3097-52494,2001-2010,-12.57,-11.95,-5.63,2.98,9.77,15.34,17.69,16.96,13.1,5.57,-0.49,-8.34,3.63,77.9
17-3120-53099,2001-2010,-14.69,-13.91,-6.91,2.19,9.61,15.23,17.45,16.4,12.37,4.47,-2,-10.28,2.6,76.01
17-3164-51328,2001-2010,-9.33,-9.02,-3.57,4.32,10.43,15.98,18.57,18.03,14.33,7.19,1.61,-5.33,5.36,81.19
17-3172-51540,2001-2010,-9.65,-9.26,-3.74,4.23,10.41,15.96,18.5,17.93,14.19,7.02,1.4,-5.63,5.21,82.83
17-3191-51595,2001-2010,-9.77,-9.36,-3.8,4.2,10.42,15.97,18.49,17.89,14.15,6.94,1.31,-5.74,5.15,83.39
17-3202-52877,2001-2010,-14.71,-13.95,-6.92,2.2,9.65,15.3,17.5,16.41,12.37,4.44,-2.04,-10.31,2.6,76.04
17-3228-51260,2001-2010,-9.29,-8.97,-3.51,4.36,10.47,16.02,18.61,18.06,14.35,7.21,1.64,-5.29,5.4,81.19
17-3280-52990,2001-2010,-14.84,-14.07,-7,2.16,9.65,15.31,17.51,16.38,12.33,4.37,-2.14,-10.43,2.54,75.89
17-3290-51439,2001-2010,-9.57,-9.17,-3.61,4.34,10.55,16.09,18.59,17.97,14.21,7.02,1.42,-5.56,5.28,84.41
17-3323-51600,2001-2010,-9.85,-9.37,-3.75,4.27,10.53,16.07,18.54,17.89,14.11,6.87,1.24,-5.82,5.16,85.78
17-3334-53694,2001-2010,-14.88,-13.83,-6.97,2.06,9.29,14.72,17.14,16.4,12.41,4.71,-1.76,-10.3,2.52,75.67
17-3354-52393,2001-2010,-12.1,-11.5,-5.28,3.28,10,15.56,17.95,17.18,13.31,5.84,-0.15,-7.91,3.95,79.3
17-3360-51357,2001-2010,-9.56,-9.13,-3.56,4.38,10.62,16.14,18.63,17.98,14.23,7.02,1.41,-5.56,5.31,85.28
17-3370-52303,2001-2010,-11.58,-11.01,-4.93,3.5,10.09,15.65,18.06,17.36,13.51,6.09,0.18,-7.44,4.22,79.64
17-3400-51692,2001-2010,-9.96,-9.45,-3.78,4.26,10.56,16.1,18.54,17.85,14.06,6.79,1.14,-5.93,5.11,87.08
17-3423-51340,2001-2010,-9.62,-9.16,-3.56,4.4,10.67,16.19,18.65,17.97,14.2,6.96,1.34,-5.63,5.3,86.43
17-3426-53189,2001-2010,-14.61,-13.8,-6.85,2.24,9.61,15.23,17.48,16.46,12.43,4.57,-1.89,-10.18,2.66,76.45
17-3432-51760,2001-2010,-10.04,-9.52,-3.83,4.23,10.55,16.09,18.52,17.83,14.03,6.76,1.11,-6.02,5.07,87.3
17-3445-51613,2001-2010,-9.92,-9.39,-3.71,4.33,10.65,16.17,18.59,17.85,14.07,6.78,1.14,-5.91,5.15,88.82
17-3453-51907,2001-2010,-10.19,-9.68,-3.97,4.12,10.45,16.01,18.46,17.78,13.98,6.71,1.03,-6.16,4.98,85.34
17-3457-51246,2001-2010,-9.49,-9.06,-3.49,4.43,10.67,16.2,18.68,18.03,14.26,7.07,1.46,-5.49,5.37,85.03
17-3525-51387,2001-2010,-9.85,-9.29,-3.61,4.42,10.78,16.27,18.65,17.89,14.08,6.78,1.12,-5.87,5.21,90.15
17-3557-51418,2001-2010,-9.94,-9.34,-3.62,4.42,10.81,16.29,18.65,17.86,14.04,6.72,1.05,-5.95,5.18,91.67
17-3563-53717,2001-2010,-15.33,-14.21,-7.2,1.99,9.41,14.91,17.3,16.42,12.33,4.59,-2,-10.67,2.39,75.8
17-3582-51582,2001-2010,-10.07,-9.43,-3.67,4.39,10.78,16.28,18.63,17.82,13.99,6.65,1,-6.04,5.13,93.22
17-3592-51192,2001-2010,-9.56,-9.1,-3.5,4.46,10.76,16.28,18.72,18.02,14.22,7.01,1.37,-5.59,5.35,86.52
17-3606-52610,2001-2010,-12.76,-12.13,-5.68,3.05,9.95,15.53,17.87,17.02,13.09,5.51,-0.62,-8.55,3.62,78.24
17-3627-51660,2001-2010,-10.11,-9.48,-3.7,4.37,10.77,16.27,18.62,17.81,13.99,6.63,0.98,-6.09,5.1,93
17-3629-51531,2001-2010,-10.15,-9.46,-3.66,4.42,10.84,16.32,18.64,17.8,13.96,6.58,0.92,-6.11,5.11,95.48
17-3631-51330,2001-2010,-9.95,-9.34,-3.62,4.43,10.87,16.33,18.64,17.84,14,6.66,0.95,-6.03,5.16,91.73
17-3678-51289,2001-2010,-9.96,-9.34,-3.63,4.43,10.9,16.35,18.64,17.82,13.98,6.63,0.88,-6.08,5.15,91.39
17-3714-52934,2001-2010,-14.12,-13.29,-6.48,2.53,9.79,15.38,17.66,16.7,12.68,4.93,-1.46,-9.67,2.99,77.66
17-3716-51254,2001-2010,-9.93,-9.32,-3.63,4.43,10.9,16.35,18.64,17.83,13.99,6.64,0.9,-6.06,5.16,90.74
17-3730-53082,2001-2010,-14.33,-13.46,-6.62,2.46,9.75,15.34,17.63,16.65,12.62,4.85,-1.55,-9.86,2.89,77.16
17-3736-53361,2001-2010,-14.92,-13.89,-6.94,2.23,9.64,15.2,17.52,16.56,12.47,4.68,-1.84,-10.34,2.63,76.45
17-3764-51679,2001-2010,-10.17,-9.5,-3.71,4.37,10.79,16.29,18.63,17.8,13.97,6.6,0.96,-6.14,5.09,93.87
17-3767-53044,2001-2010,-14.35,-13.47,-6.6,2.47,9.78,15.37,17.65,16.68,12.63,4.86,-1.56,-9.85,2.9,77
17-3788-53266,2001-2010,-14.69,-13.71,-6.79,2.35,9.72,15.29,17.59,16.62,12.53,4.77,-1.7,-10.14,2.75,76.26
17-3790-55066,2001-2010,-16.99,-15.8,-8.26,1.33,9.11,14.66,17.23,16.22,11.99,4.22,-2.72,-12.08,1.68,75.02
17-3804-53044,2001-2010,-14.34,-13.44,-6.59,2.48,9.8,15.38,17.66,16.7,12.64,4.89,-1.53,-9.82,2.92,77.04
17-3810-51468,2001-2010,-10.29,-9.51,-3.67,4.45,10.92,16.37,18.65,17.77,13.91,6.48,0.81,-6.23,5.07,98.55
17-3812-51598,2001-2010,-10.2,-9.48,-3.68,4.41,10.84,16.33,18.64,17.79,13.95,6.56,0.91,-6.16,5.09,95.85
17-3813-51443,2001-2010,-10.22,-9.49,-3.67,4.44,10.94,16.37,18.63,17.76,13.91,6.48,0.77,-6.24,5.07,96.63
17-3844-53694,2001-2010,-15.49,-14.34,-7.25,2.04,9.55,15.08,17.47,16.51,12.37,4.6,-2.03,-10.79,2.41,75.55
17-3856-51190,2001-2010,-9.74,-9.19,-3.56,4.48,10.85,16.34,18.7,17.96,14.14,6.89,1.2,-5.79,5.28,87.61
17-3860-51538,2001-2010,-10.18,-9.46,-3.66,4.44,10.89,16.35,18.65,17.8,13.96,6.56,0.89,-6.14,5.1,96.04
17-3874-51976,2001-2010,-10.24,-9.68,-3.91,4.22,10.58,16.14,18.57,17.83,14,6.72,1.02,-6.21,5.02,85.84
17-3903-51589,2001-2010,-10.08,-9.42,-3.65,4.43,10.84,16.33,18.66,17.84,14.01,6.66,1,-6.04,5.15,93.59
17-3914-51928,2001-2010,-10.17,-9.58,-3.84,4.25,10.61,16.17,18.59,17.86,14.02,6.75,1.06,-6.14,5.06,86.49
17-3943-51700,2001-2010,-10.08,-9.45,-3.71,4.37,10.76,16.28,18.65,17.87,14.03,6.71,1.05,-6.06,5.13,90.55
17-3974-51436,2001-2010,-9.96,-9.33,-3.63,4.46,10.86,16.34,18.67,17.88,14.05,6.74,1.06,-5.98,5.19,90.4
17-4010-53144,2001-2010,-14.47,-13.49,-6.62,2.5,9.83,15.39,17.71,16.76,12.67,4.95,-1.5,-9.87,2.92,76.35
17-4019-55121,2001-2010,-16.96,-15.75,-8.26,1.33,9.13,14.69,17.26,16.25,12,4.24,-2.71,-12.07,1.7,75.58
17-4061-52742,2001-2010,-13.2,-12.36,-5.81,3.08,10.08,15.7,17.99,17.11,13.06,5.51,-0.69,-8.82,3.57,78.18
17-4145-52197,2001-2010,-11.03,-10.4,-4.4,4,10.52,16.14,18.54,17.77,13.85,6.5,0.65,-6.8,4.71,82.03
17-4148-52820,2001-2010,-13.76,-12.82,-6.12,2.85,10.03,15.66,17.97,17.01,12.93,5.29,-1.02,-9.26,3.33,77.93
17-4157-51611,2001-2010,-9.88,-9.29,-3.63,4.43,10.74,16.29,18.73,18,14.2,6.97,1.33,-5.81,5.27,86.03
17-4175-51987,2001-2010,-10.36,-9.77,-3.97,4.25,10.6,16.2,18.66,17.91,14.05,6.79,1.07,-6.26,5.03,83.05
17-4235-50696,2001-2010,-8.44,-8.51,-3.3,4.6,10.41,16.15,18.83,18.52,14.94,8.03,2.6,-4.11,5.91,82.03
17-4271-53064,2001-2010,-14.43,-13.41,-6.54,2.58,9.91,15.48,17.81,16.85,12.74,5.04,-1.4,-9.79,3,76.04
17-4302-51759,2001-2010,-10.02,-9.42,-3.73,4.37,10.67,16.27,18.74,18.03,14.2,6.98,1.29,-5.95,5.22,83.76
17-4313-51958,2001-2010,-10.4,-9.8,-3.97,4.26,10.62,16.23,18.7,17.95,14.08,6.8,1.06,-6.3,5.03,82.06
17-4329-51689,2001-2010,-9.88,-9.32,-3.65,4.45,10.7,16.3,18.78,18.08,14.27,7.08,1.44,-5.78,5.3,83.61
17-4339-53837,2001-2010,-15.72,-14.49,-7.31,2.08,9.69,15.17,17.56,16.5,12.3,4.56,-2.12,-10.9,2.38,72.11
17-4340-52773,2001-2010,-13.6,-12.66,-5.99,2.97,10.12,15.74,18.09,17.15,13.07,5.44,-0.88,-9.05,3.47,77.81
17-4352-52392,2001-2010,-11.77,-11.02,-4.79,3.8,10.51,16.16,18.54,17.69,13.71,6.24,0.25,-7.37,4.43,80.69
17-4364-52017,2001-2010,-10.72,-10.04,-4.12,4.21,10.63,16.26,18.69,17.92,14.01,6.7,0.93,-6.49,4.93,82.31
17-4372-52874,2001-2010,-13.92,-12.91,-6.17,2.85,10.06,15.68,18.02,17.06,12.95,5.32,-1.05,-9.33,3.31,76.88
17-4414-51336,2001-2010,-9.57,-8.97,-3.43,4.57,10.73,16.31,18.87,18.21,14.47,7.42,1.84,-5.39,5.52,81.41
17-4485-51124,2001-2010,-9.11,-8.59,-3.21,4.47,10.5,16.18,18.86,18.31,14.7,7.74,2.2,-4.92,5.69,79.61
17-4529-52150,2001-2010,-11.32,-10.58,-4.45,4.08,10.67,16.33,18.7,17.88,13.89,6.5,0.62,-6.97,4.71,82.52
17-4549-51263,2001-2010,-9.31,-8.77,-3.3,4.5,10.59,16.25,18.88,18.29,14.61,7.59,2.01,-5.13,5.62,80.63
17-4553-53202,2001-2010,-14.8,-13.71,-6.74,2.51,9.91,15.5,17.84,16.82,12.64,4.95,-1.56,-10.08,2.87,73.87
17-4561-50068,2001-2010,-6.2,-6.9,-2.45,4.53,10.09,15.6,18.52,17.99,14.95,8.25,3.26,-2.82,6.33,81.72
17-4572-54649,2001-2010,-16.63,-15.31,-7.98,1.51,9.27,14.83,17.39,16.39,12.13,4.36,-2.54,-11.77,1.91,77.53
17-4583-50085,2001-2010,-6.23,-6.95,-2.49,4.53,10.12,15.64,18.54,17.97,14.93,8.22,3.22,-2.87,6.31,82.74
17-4591-53367,2001-2010,-15.23,-14.07,-7,2.35,9.84,15.36,17.7,16.67,12.48,4.77,-1.81,-10.43,2.65,72.35
17-4608-51161,2001-2010,-9.02,-8.52,-3.14,4.43,10.43,16.17,18.86,18.34,14.75,7.79,2.23,-4.83,5.72,79.58
17-4614-51736,2001-2010,-10.21,-9.58,-3.75,4.44,10.77,16.43,18.9,18.21,14.29,7.02,1.23,-6.07,5.24,82.21
17-4620-52125,2001-2010,-11.56,-10.82,-4.6,3.98,10.67,16.34,18.68,17.85,13.83,6.39,0.4,-7.25,4.59,81.47
17-4665-48812,2001-2010,-5.23,-5.59,-0.86,6.62,11.86,17.47,19.85,19.65,16.03,9.45,4.13,-2.26,7.69,67.02
17-4689-49939,2001-2010,-6.1,-6.66,-2.11,4.9,10.34,15.9,18.89,18.48,15.25,8.57,3.51,-2.72,6.62,74.21
17-4702-52245,2001-2010,-11.72,-10.96,-4.7,3.95,10.67,16.35,18.69,17.84,13.8,6.34,0.32,-7.39,4.53,81.16
17-4713-52126,2001-2010,-11.43,-10.69,-4.5,4.11,10.75,16.42,18.78,17.97,13.91,6.49,0.54,-7.14,4.7,81.87
17-4728-52266,2001-2010,-11.79,-11.02,-4.75,3.92,10.66,16.34,18.67,17.83,13.78,6.31,0.28,-7.45,4.5,80.97
17-4736-50056,2001-2010,-6.19,-6.76,-2.23,4.77,10.25,15.82,18.83,18.37,15.19,8.49,3.42,-2.79,6.53,76.01
17-4743-51217,2001-2010,-9.34,-8.77,-3.25,4.48,10.57,16.29,18.93,18.36,14.67,7.62,2,-5.12,5.64,80.76
17-4759-52050,2001-2010,-11.35,-10.6,-4.41,4.19,10.81,16.5,18.84,18.04,13.97,6.54,0.61,-7.06,4.78,82.12
17-4773-53267,2001-2010,-14.99,-13.86,-6.84,2.49,9.93,15.52,17.83,16.81,12.61,4.9,-1.65,-10.21,2.81,73.32
17-4810-51976,2001-2010,-11.29,-10.5,-4.31,4.25,10.86,16.57,18.9,18.1,14.03,6.57,0.61,-7.02,4.83,82.71
17-4820-49523,2001-2010,-5.71,-6.2,-1.47,5.89,11.07,16.58,19.2,18.97,15.54,9.02,3.89,-2.35,7.14,62.28
17-4822-49331,2001-2010,-5.26,-5.59,-0.98,6.36,11.55,17.06,19.72,19.62,16.03,9.3,4.26,-1.95,7.61,64.79
17-4823-52210,2001-2010,-11.69,-10.92,-4.65,4.03,10.74,16.42,18.76,17.93,13.84,6.38,0.35,-7.39,4.58,80.91
17-4840-51983,2001-2010,-11.34,-10.54,-4.32,4.25,10.87,16.58,18.91,18.11,14.03,6.56,0.58,-7.06,4.82,82.77
17-4857-47670,2001-2010,-5.17,-4.9,0.09,7.63,12.91,18.83,20.91,20.38,16.63,9.73,4.51,-2.45,8.36,58.87
17-4919-52573,2001-2010,-12.88,-11.94,-5.38,3.57,10.52,16.19,18.48,17.57,13.44,5.89,-0.28,-8.35,4.01,78.46
17-4925-52070,2001-2010,-11.5,-10.7,-4.44,4.21,10.86,16.57,18.89,18.08,13.97,6.5,0.49,-7.22,4.74,82.18
17-4930-52197,2001-2010,-11.77,-10.95,-4.65,4.06,10.77,16.47,18.79,17.96,13.86,6.37,0.31,-7.44,4.58,81.34
17-4935-53022,2001-2010,-14.54,-13.43,-6.53,2.75,10.09,15.76,18.05,17.05,12.85,5.16,-1.31,-9.79,3.11,75.49
17-4936-51883,2001-2010,-11.29,-10.47,-4.21,4.35,10.99,16.7,19.04,18.23,14.11,6.61,0.59,-7.01,4.9,82.99
17-5018-53686,2001-2010,-15.51,-14.31,-7.15,2.27,9.84,15.37,17.69,16.63,12.4,4.67,-1.97,-10.67,2.54,70.99
17-5026-52889,2001-2010,-13.98,-12.99,-6.21,3.04,10.25,15.97,18.23,17.27,13.04,5.4,-0.97,-9.4,3.41,76.42
17-5046-53895,2001-2010,-15.63,-14.41,-7.23,2.21,9.8,15.32,17.66,16.59,12.36,4.63,-2.03,-10.78,2.48,71.18
17-5149-54886,2001-2010,-16.55,-15.37,-8.19,1.36,9.09,14.69,17.32,16.36,12.15,4.51,-2.4,-11.65,1.88,76.17
17-5179-52567,2001-2010,-13.08,-12.13,-5.53,3.54,10.55,16.23,18.47,17.58,13.4,5.85,-0.33,-8.54,3.94,78.06
17-5180-53389,2001-2010,-15.14,-13.96,-6.92,2.49,9.94,15.69,17.94,16.95,12.69,4.93,-1.59,-10.25,2.83,74.21
17-5191-51772,2001-2010,-11.8,-10.9,-4.39,4.29,11.11,16.87,19.15,18.29,14.06,6.37,0.17,-7.51,4.74,82.4
17-5196-53085,2001-2010,-14.79,-13.64,-6.69,2.7,10.09,15.86,18.08,17.12,12.87,5.14,-1.34,-9.93,3.06,75.05
17-5202-54735,2001-2010,-16.43,-15.24,-8.05,1.47,9.19,14.79,17.37,16.41,12.19,4.53,-2.34,-11.53,1.97,75.73
17-5208-55103,2001-2010,-16.71,-15.59,-8.44,1.14,8.91,14.52,17.23,16.29,12.11,4.52,-2.45,-11.79,1.75,76.57
17-5215-48384,2001-2010,-6.45,-6.27,-1.38,6.43,11.87,17.75,19.82,19.2,15.58,8.54,3.26,-3.46,7.17,69.41
17-5240-51985,2001-2010,-11.66,-10.81,-4.38,4.3,11,16.72,19.01,18.18,14.03,6.48,0.39,-7.35,4.76,82.86
17-5265-52901,2001-2010,-14.24,-13.18,-6.35,3,10.26,16.02,18.22,17.29,13.05,5.39,-1,-9.51,3.35,75.7
17-5274-52242,2001-2010,-12.24,-11.34,-4.87,3.98,10.8,16.48,18.77,17.9,13.78,6.24,0.12,-7.78,4.42,80.94
17-5289-52606,2001-2010,-13.36,-12.4,-5.73,3.44,10.51,16.2,18.42,17.52,13.32,5.76,-0.47,-8.78,3.8,77.13
17-5310-52621,2001-2010,-13.42,-12.45,-5.77,3.42,10.5,16.2,18.41,17.51,13.31,5.74,-0.51,-8.84,3.77,76.88
17-5312-52592,2001-2010,-13.35,-12.39,-5.72,3.45,10.52,16.21,18.42,17.53,13.33,5.77,-0.47,-8.78,3.81,77.07
17-5314-53425,2001-2010,-15.21,-14.02,-6.99,2.47,9.93,15.78,17.99,17.03,12.74,4.94,-1.56,-10.26,2.84,75.08
17-5330-51961,2001-2010,-11.67,-10.81,-4.38,4.32,11.01,16.72,19.01,18.18,14.03,6.49,0.4,-7.36,4.76,83.05
17-5344-51754,2001-2010,-11.62,-10.74,-4.31,4.37,11.1,16.83,19.12,18.28,14.09,6.48,0.37,-7.34,4.82,83.27
17-5352-50862,2001-2010,-9.83,-9.08,-3.14,5.06,11.08,16.76,19.2,18.52,14.73,7.57,1.86,-5.5,5.7,86.43
17-5370-51830,2001-2010,-11.62,-10.73,-4.31,4.37,11.07,16.79,19.08,18.25,14.08,6.49,0.39,-7.32,4.81,83.48
17-5384-50622,2001-2010,-9.22,-8.7,-2.88,5.22,11.16,16.85,19.35,18.77,15.02,7.89,2.24,-4.97,6,86.8
17-5430-52549,2001-2010,-13.39,-12.45,-5.77,3.46,10.55,16.24,18.44,17.53,13.34,5.78,-0.5,-8.84,3.8,77.07
17-5515-51958,2001-2010,-11.69,-10.82,-4.39,4.37,11.03,16.71,18.99,18.18,14.03,6.53,0.49,-7.33,4.77,83.73
17-5521-55108,2001-2010,-16.69,-15.61,-8.5,1.09,8.87,14.49,17.24,16.3,12.14,4.59,-2.39,-11.75,1.75,76.63
17-5535-48461,2001-2010,-6.74,-6.53,-1.53,6.34,12.08,17.91,19.99,19.4,15.81,8.58,3.13,-3.76,7.15,76.79
17-5547-55801,2001-2010,-17.49,-16.67,-9.77,0.01,7.96,13.56,16.74,15.95,11.89,4.62,-2.66,-12.41,1.09,78.15
17-5552-52523,2001-2010,-13.52,-12.58,-5.85,3.45,10.57,16.24,18.42,17.52,13.33,5.78,-0.53,-8.95,3.75,76.35
17-5565-51124,2001-2010,-10.64,-9.57,-3.4,5.2,11.25,16.88,19.23,18.36,14.44,7.22,1.37,-6.23,5.44,88.72
17-5577-51311,2001-2010,-10.8,-9.83,-3.65,5.02,11.21,16.85,19.15,18.35,14.33,7.03,1.22,-6.48,5.3,86.74
17-5580-52276,2001-2010,-12.66,-11.74,-5.17,3.86,10.76,16.42,18.66,17.79,13.64,6.1,-0.07,-8.19,4.22,80.29
17-5585-50777,2001-2010,-9.88,-9.16,-3.07,5.28,11.28,16.94,19.31,18.64,14.78,7.58,1.86,-5.56,5.77,88.88
17-5590-54756,2001-2010,-16.37,-15.2,-8.08,1.46,9.16,14.81,17.42,16.46,12.25,4.63,-2.25,-11.44,2.01,76.01
17-5601-51477,2001-2010,-10.98,-10.07,-3.82,4.83,11.17,16.82,19.1,18.33,14.25,6.89,1.01,-6.7,5.17,85.13
17-5608-52396,2001-2010,-13.11,-12.19,-5.54,3.65,10.66,16.33,18.53,17.65,13.47,5.93,-0.31,-8.6,3.98,78.28
17-5662-55201,2001-2010,-16.77,-15.73,-8.66,0.96,8.75,14.38,17.18,16.27,12.12,4.62,-2.4,-11.81,1.68,76.82
17-5694-55282,2001-2010,-16.85,-15.83,-8.78,0.85,8.67,14.29,17.14,16.24,12.1,4.63,-2.43,-11.87,1.62,77
17-5700-52061,2001-2010,-12.06,-11.14,-4.66,4.24,10.95,16.61,18.86,18.04,13.89,6.39,0.33,-7.63,4.59,82.49
17-5717-53183,2001-2010,-15.45,-14.23,-7.19,2.36,9.89,15.96,18.09,17.15,12.85,4.91,-1.56,-10.31,2.81,75.21
17-5732-51489,2001-2010,-11.07,-10.13,-3.83,4.86,11.2,16.81,19.07,18.31,14.22,6.84,0.98,-6.79,5.14,83.42
17-5733-52151,2001-2010,-12.34,-11.42,-4.9,4.07,10.87,16.52,18.77,17.94,13.77,6.26,0.14,-7.92,4.42,81.25
17-5735-54944,2001-2010,-16.51,-15.39,-8.3,1.27,9,14.65,17.34,16.41,12.22,4.65,-2.29,-11.56,1.9,76.48
17-5740-52232,2001-2010,-12.64,-11.72,-5.15,3.92,10.8,16.45,18.69,17.84,13.66,6.14,-0.02,-8.18,4.25,79.92
17-5748-51919,2001-2010,-11.64,-10.73,-4.32,4.47,11.04,16.69,18.95,18.16,14.03,6.58,0.58,-7.28,4.81,83.92
17-5770-51258,2001-2010,-11.08,-10.07,-3.72,4.98,11.28,16.84,19.07,18.33,14.22,6.8,1.01,-6.81,5.17,86.06
17-5787-52433,2001-2010,-13.45,-12.53,-5.82,3.51,10.62,16.28,18.45,17.56,13.35,5.83,-0.49,-8.93,3.8,75.98
17-5788-51912,2001-2010,-11.66,-10.73,-4.33,4.46,11.04,16.69,18.92,18.14,14,6.56,0.57,-7.31,4.8,83.89
17-5799-49262,2001-2010,-6.6,-6.49,-1.47,6.17,11.82,17.57,20.26,19.76,16.02,9.15,3.51,-3.18,7.31,61.57
17-5812-51735,2001-2010,-11.44,-10.49,-4.12,4.62,11.12,16.74,18.98,18.22,14.09,6.65,0.7,-7.13,4.93,84.23
17-5814-49627,2001-2010,-7.42,-7.25,-1.93,5.94,12.03,17.73,20.52,19.98,16.18,9.09,3.36,-3.52,7.16,73.63
17-5827-52344,2001-2010,-13.09,-12.17,-5.51,3.7,10.7,16.36,18.55,17.68,13.48,5.97,-0.27,-8.6,4,77.84
17-5833-50403,2001-2010,-9.26,-8.71,-2.75,5.57,11.5,17.17,19.6,19.04,15.25,8.04,2.38,-4.95,6.17,92.44
17-5842-51980,2001-2010,-11.82,-10.85,-4.44,4.39,11.01,16.65,18.88,18.09,13.95,6.51,0.49,-7.44,4.72,83.58
17-5845-51854,2001-2010,-11.58,-10.63,-4.24,4.51,11.07,16.71,18.93,18.17,14.03,6.59,0.62,-7.25,4.84,84.23
17-5851-53899,2001-2010,-15.33,-14.15,-7.12,2.41,9.86,15.75,17.98,17.02,12.7,4.93,-1.58,-10.4,2.78,75.24
17-5852-52035,2001-2010,-12.02,-11.09,-4.62,4.28,10.96,16.6,18.83,18.02,13.87,6.41,0.37,-7.63,4.6,82.74
17-5879-50852,2001-2010,-10.25,-9.42,-3.26,5.25,11.33,16.91,19.18,18.51,14.55,7.3,1.58,-6.01,5.57,89.4
17-5942-51055,2001-2010,-10.71,-9.74,-3.48,5.16,11.31,16.87,19.08,18.38,14.33,7,1.3,-6.45,5.35,88.29
17-5962-53128,2001-2010,-15.04,-13.83,-6.86,2.7,10.15,16.02,18.14,17.21,12.93,5.18,-1.3,-10.05,3.04,73.56
17-5970-52137,2001-2010,-12.29,-11.37,-4.84,4.14,10.89,16.54,18.74,17.93,13.76,6.3,0.21,-7.88,4.45,81.9
17-5971-50688,2001-2010,-9.96,-9.23,-3.16,5.3,11.34,16.9,19.24,18.61,14.66,7.44,1.72,-5.78,5.69,92.26
17-5972-52300,2001-2010,-12.91,-11.98,-5.34,3.81,10.75,16.4,18.59,17.74,13.55,6.05,-0.16,-8.43,4.1,79.05
17-5998-50031,2001-2010,-8.74,-8.43,-2.6,5.6,11.43,17.09,19.53,19.02,15.11,8.07,2.4,-4.8,6.24,83.08
17-6007-51793,2001-2010,-11.57,-10.56,-4.16,4.59,11.12,16.72,18.95,18.18,14.05,6.59,0.62,-7.24,4.87,84.54
17-6010-53265,2001-2010,-15.21,-14,-7,2.53,10.01,15.98,18.12,17.18,12.9,5.04,-1.42,-10.15,2.94,74.93
17-6016-49633,2001-2010,-7.74,-7.48,-2.08,5.94,11.94,17.6,20.3,19.75,15.85,8.83,3.07,-3.86,6.95,73.53
17-6026-49666,2001-2010,-7.84,-7.58,-2.14,5.9,11.9,17.55,20.24,19.69,15.78,8.75,2.99,-3.98,6.87,75.18
17-6031-52053,2001-2010,-12.01,-11.02,-4.55,4.32,11,16.62,18.83,18.04,13.9,6.44,0.39,-7.59,4.63,83.05
17-6058-49199,2001-2010,-7.25,-6.95,-1.75,6.37,11.98,17.68,20.05,19.66,15.82,8.96,3.02,-3.52,7.11,69.87
17-6065-49697,2001-2010,-8.02,-7.75,-2.24,5.87,11.81,17.45,20.08,19.52,15.59,8.59,2.84,-4.18,6.73,75.08
17-6079-53230,2001-2010,-15.04,-13.84,-6.87,2.66,10.11,16,18.14,17.21,12.94,5.14,-1.33,-10.04,3.03,74.59
17-6111-50550,2001-2010,-9.8,-9.1,-3.09,5.31,11.34,16.9,19.23,18.64,14.69,7.51,1.78,-5.65,5.75,91.67
17-6112-50030,2001-2010,-9.29,-8.86,-2.93,5.41,11.1,16.7,19,18.47,14.53,7.59,1.92,-5.39,5.79,82.37
17-6164-50763,2001-2010,-10.29,-9.45,-3.36,5.18,11.31,16.81,19.07,18.44,14.43,7.21,1.44,-6.13,5.49,89.06
17-6178-52207,2001-2010,-12.39,-11.42,-4.88,4.13,10.91,16.55,18.75,17.95,13.76,6.26,0.13,-8.03,4.41,81.38
17-6187-49397,2001-2010,-7.75,-7.28,-1.8,6.44,12.38,17.94,20.45,19.82,15.85,8.77,3.1,-4.05,7.09,63.83
17-6191-49604,2001-2010,-8.13,-7.79,-2.24,5.99,11.9,17.5,20.03,19.42,15.47,8.49,2.76,-4.31,6.69,70.43
17-6201-49898,2001-2010,-9.51,-8.99,-3.13,5.36,10.97,16.55,18.82,18.26,14.3,7.41,1.74,-5.6,5.61,78.59
17-6239-50430,2001-2010,-9.78,-9.05,-3.1,5.26,11.31,16.88,19.16,18.58,14.58,7.43,1.67,-5.75,5.7,95.51
17-6254-50307,2001-2010,-9.63,-8.93,-3.01,5.32,11.35,16.93,19.2,18.63,14.61,7.47,1.71,-5.73,5.76,97.68
17-6257-50660,2001-2010,-10.14,-9.33,-3.3,5.19,11.29,16.81,19.07,18.46,14.45,7.25,1.49,-6.02,5.53,86.86
17-6275-49634,2001-2010,-8.55,-8.17,-2.55,5.78,11.68,17.29,19.77,19.12,15.14,8.18,2.44,-4.7,6.38,73.25
17-6286-49481,2001-2010,-7.96,-7.53,-2.07,6.07,12.11,17.76,20.28,19.64,15.76,8.68,2.99,-4.08,6.9,69.44
17-6290-51301,2001-2010,-11.7,-10.61,-4.1,4.57,11.26,16.82,19.06,18.29,14.07,6.45,0.36,-7.47,4.85,86.12
17-6320-50600,2001-2010,-10.08,-9.28,-3.28,5.16,11.27,16.8,19.04,18.45,14.43,7.25,1.49,-6,5.53,86.77
17-6328-49494,2001-2010,-8.06,-7.66,-2.22,5.94,12,17.66,20.19,19.56,15.67,8.64,2.91,-4.13,6.81,69.72
17-6382-51179,2001-2010,-11.35,-10.15,-3.78,5,11.29,16.53,18.68,18.02,13.92,6.59,0.77,-7.1,4.97,91.54
17-6403-50645,2001-2010,-10.25,-9.42,-3.39,5.09,11.22,16.73,18.94,18.32,14.29,7.12,1.36,-6.16,5.42,87.7
17-6436-50702,2001-2010,-10.36,-9.51,-3.46,5.05,11.21,16.69,18.87,18.26,14.22,7.04,1.27,-6.27,5.35,88.16
17-6459-49524,2001-2010,-8.3,-7.89,-2.42,5.72,11.82,17.5,20.01,19.4,15.5,8.52,2.77,-4.26,6.63,70.93
17-6500-49453,2001-2010,-8.16,-7.76,-2.37,5.67,11.91,17.61,20.17,19.57,15.7,8.73,2.96,-3.99,6.77,68.82
17-6532-49909,2001-2010,-9.46,-8.88,-3.12,5.3,11.19,16.81,19.12,18.49,14.5,7.51,1.81,-5.51,5.74,79.7
17-6539-50341,2001-2010,-10.16,-9.35,-3.44,4.9,11.11,16.64,18.76,18.11,14.02,6.97,1.2,-6.27,5.3,89.53
17-6548-49368,2001-2010,-8.04,-7.62,-2.27,5.75,11.95,17.67,20.19,19.61,15.72,8.73,2.97,-3.91,6.83,70.15
17-6554-50468,2001-2010,-10.22,-9.42,-3.47,4.91,11.08,16.61,18.72,18.11,14.05,6.95,1.22,-6.26,5.28,88.94
17-6567-50131,2001-2010,-9.97,-9.21,-3.35,5.01,11.11,16.67,18.85,18.21,14.15,7.13,1.38,-6.03,5.42,86.4
17-6571-50360,2001-2010,-10.23,-9.41,-3.5,4.85,11.05,16.57,18.69,18.04,13.94,6.89,1.13,-6.32,5.24,89.56
17-6651-49559,2001-2010,-8.53,-8.06,-2.49,5.68,11.68,17.34,19.73,19.12,15.21,8.2,2.47,-4.58,6.41,74.77
17-6712-49387,2001-2010,-7.96,-7.45,-2.02,5.97,11.9,17.6,19.97,19.38,15.49,8.43,2.78,-4.12,6.76,72.45
17-6715-48930,2001-2010,-6.66,-6.24,-1,6.54,12.13,17.83,20.11,19.73,15.98,8.88,3.42,-3.28,7.38,67.55
17-6731-51370,2001-2010,-11.38,-10.29,-3.89,4.8,11.27,16.78,18.97,18.26,14.11,6.63,0.68,-7.15,5,87.11
17-6738-50244,2001-2010,-10.37,-9.52,-3.66,4.7,10.93,16.46,18.49,17.88,13.77,6.75,1.03,-6.4,5.1,88.69
17-6744-49500,2001-2010,-8.5,-7.91,-2.35,5.76,11.74,17.39,19.73,19.14,15.18,8.15,2.46,-4.59,6.45,75.18
17-6749-49534,2001-2010,-8.63,-8.05,-2.45,5.68,11.67,17.31,19.66,19.03,15.09,8.08,2.37,-4.7,6.35,74.71
17-6793-49499,2001-2010,-8.5,-7.86,-2.31,5.78,11.71,17.36,19.68,19.08,15.11,8.09,2.4,-4.64,6.42,74.25
17-6806-50080,2001-2010,-10,-9.18,-3.38,4.93,11.08,16.69,18.77,18.19,14.11,7.1,1.38,-6.01,5.4,85.03
17-6807-49881,2001-2010,-9.76,-8.97,-3.2,5.1,11.21,16.86,18.98,18.43,14.38,7.34,1.63,-5.73,5.62,83.42
17-6818-50232,2001-2010,-10.34,-9.49,-3.62,4.73,10.94,16.48,18.5,17.92,13.81,6.79,1.09,-6.35,5.14,86.58
17-6820-49260,2001-2010,-7.55,-6.95,-1.58,6.18,11.96,17.63,19.95,19.42,15.57,8.47,2.88,-3.91,6.93,70.31
17-6844-50137,2001-2010,-10.12,-9.29,-3.47,4.85,11.03,16.62,18.66,18.08,14,6.98,1.27,-6.16,5.3,85.06
17-6934-50060,2001-2010,-9.98,-9.13,-3.33,4.94,11.1,16.73,18.77,18.22,14.15,7.12,1.42,-5.97,5.43,83.89
17-6992-49270,2001-2010,-7.63,-6.87,-1.51,6.23,11.92,17.57,19.87,19.3,15.37,8.31,2.77,-4.07,6.87,66.53
17-7074-49293,2001-2010,-7.69,-6.88,-1.52,6.25,11.94,17.6,19.88,19.26,15.35,8.3,2.75,-4.09,6.86,65.41
17-7074-49389,2001-2010,-7.91,-7.14,-1.7,6.06,11.83,17.47,19.74,19.18,15.24,8.17,2.61,-4.25,6.7,68.26
17-7076-49181,2001-2010,-7.65,-6.79,-1.45,6.38,12.01,17.7,19.95,19.29,15.37,8.33,2.75,-4.08,6.91,63.33
17-7116-49585,2001-2010,-8.96,-8.12,-2.47,5.47,11.46,17.09,19.3,18.71,14.67,7.62,2,-5.13,6.06,74.49
17-7120-51253,2001-2010,-10.91,-9.74,-3.46,5.05,11.34,16.9,19,18.37,14.21,6.86,0.97,-6.8,5.25,82.93
17-7146-49082,2001-2010,-7.67,-6.86,-1.48,6.39,11.95,17.63,19.9,19.24,15.24,8.24,2.74,-4.07,6.87,63.18
17-7170-49371,2001-2010,-7.8,-7.01,-1.6,6.12,11.86,17.52,19.81,19.22,15.26,8.21,2.67,-4.18,6.77,67.02
17-7182-49263,2001-2010,-7.65,-6.8,-1.45,6.34,12,17.68,19.95,19.29,15.38,8.34,2.76,-4.06,6.91,63.74
17-7197-49373,2001-2010,-7.82,-7.02,-1.59,6.14,11.87,17.52,19.81,19.22,15.27,8.21,2.67,-4.18,6.77,66.62
17-7249-50200,2001-2010,-10.56,-9.55,-3.52,4.68,10.89,16.46,18.47,17.9,13.67,6.61,0.94,-6.68,5.04,75.89
17-7255-49721,2001-2010,-9.64,-8.68,-2.84,5.11,11.27,16.82,18.95,18.35,14.21,7.14,1.53,-5.81,5.63,75.24
17-7257-48946,2001-2010,-6.79,-6.17,-1.05,6.35,11.8,17.44,19.85,19.53,15.59,8.56,3.26,-3.38,7.18,63.12
17-7269-49741,2001-2010,-9.73,-8.77,-2.89,5.05,11.24,16.78,18.9,18.29,14.14,7.08,1.46,-5.93,5.56,75.14
17-7310-49342,2001-2010,-7.75,-6.95,-1.53,6.17,11.9,17.54,19.85,19.29,15.31,8.22,2.72,-4.12,6.82,66.28
17-7310-49388,2001-2010,-7.86,-7.06,-1.6,6.1,11.86,17.49,19.8,19.24,15.24,8.15,2.64,-4.22,6.75,67.12
17-7323-49829,2001-2010,-10.13,-9.09,-3.12,4.82,11.06,16.57,18.63,18.04,13.83,6.79,1.18,-6.36,5.28,74.93
17-7329-49698,2001-2010,-9.59,-8.6,-2.77,5.12,11.3,16.82,18.97,18.38,14.21,7.13,1.54,-5.79,5.65,74.09
17-7331-50275,2001-2010,-10.63,-9.57,-3.5,4.71,10.94,16.51,18.54,17.98,13.7,6.59,0.91,-6.75,5.05,75.33
17-7358-49530,2001-2010,-8.61,-7.73,-2.09,5.68,11.64,17.21,19.47,18.89,14.8,7.71,2.16,-4.89,6.28,70.37
18-2642-49981,2001-2010,-10.52,-9.47,-3.39,4.59,10.77,16.34,18.37,17.72,13.47,6.52,0.87,-6.73,4.97,74.77
18-2756-49309,2001-2010,-7.55,-6.74,-1.29,6.31,12.07,17.69,20.02,19.5,15.49,8.33,2.92,-3.91,7,64.73
18-2756-49393,2001-2010,-7.9,-7.05,-1.52,6.13,11.95,17.55,19.89,19.32,15.28,8.13,2.68,-4.2,6.78,66.09
18-2779-50548,2001-2010,-10.69,-9.51,-3.36,4.98,11.24,16.83,18.94,18.36,14.06,6.78,1.01,-6.73,5.26,76.2
18-2782-50364,2001-2010,-10.52,-9.37,-3.31,4.92,11.18,16.78,18.95,18.32,13.99,6.77,1.04,-6.62,5.27,74.06
18-2790-50077,2001-2010,-10.48,-9.41,-3.33,4.68,10.88,16.46,18.55,17.86,13.59,6.59,0.91,-6.67,5.07,74.62
18-2810-50600,2001-2010,-10.71,-9.47,-3.31,5.07,11.32,16.93,19.05,18.45,14.18,6.85,1.04,-6.73,5.32,76.85
18-2850-49215,2001-2010,-7.11,-6.3,-0.94,6.55,12.26,17.88,20.28,19.83,15.82,8.64,3.31,-3.46,7.33,62.5
18-2891-50334,2001-2010,-10.36,-9.12,-3.14,5.07,11.39,17.01,19.33,18.59,14.26,6.94,1.18,-6.43,5.49,73.28
18-2900-50140,2001-2010,-10.3,-9.13,-3.11,4.98,11.25,16.84,19.11,18.37,14.06,6.86,1.14,-6.41,5.4,74.28
18-3030-50572,2001-2010,-10.59,-9.22,-3.03,5.42,11.67,17.31,19.56,18.87,14.62,7.14,1.26,-6.59,5.63,78.06
18-3050-49285,2001-2010,-7.38,-6.47,-0.99,6.59,12.44,18.01,20.39,19.92,15.87,8.58,3.22,-3.65,7.31,62.65
18-3065-49990,2001-2010,-9.98,-8.84,-2.82,5.23,11.44,16.98,19.23,18.52,14.27,7.08,1.4,-6.09,5.63,74.96
18-3085-49890,2001-2010,-9.71,-8.6,-2.62,5.37,11.55,17.08,19.34,18.62,14.39,7.22,1.57,-5.84,5.79,73.87
18-3122-49855,2001-2010,-9.36,-8.24,-2.31,5.66,11.81,17.33,19.59,18.91,14.68,7.44,1.84,-5.47,6.09,74.4
18-3186-50482,2001-2010,-10.42,-9.03,-2.82,5.64,11.88,17.49,19.77,19.06,14.82,7.29,1.42,-6.41,5.82,77.69
18-3191-50636,2001-2010,-10.68,-9.2,-2.87,5.7,11.95,17.63,19.88,19.17,14.95,7.32,1.35,-6.62,5.82,81.38
18-3220-49677,2001-2010,-8.54,-7.38,-1.58,6.28,12.41,17.89,20.15,19.57,15.32,7.99,2.51,-4.65,6.76,70.99
18-3264-50044,2001-2010,-9.73,-8.46,-2.48,5.67,11.88,17.4,19.69,19.03,14.79,7.43,1.73,-5.75,6.03,77.1
18-3267-49749,2001-2010,-8.74,-7.56,-1.74,6.18,12.33,17.82,20.1,19.51,15.27,7.93,2.37,-4.85,6.65,73.59
18-3280-50833,2001-2010,-10.95,-9.35,-2.89,5.8,12.08,17.85,20.11,19.42,15.12,7.3,1.2,-6.81,5.84,88.88
18-3287-50341,2001-2010,-10.16,-8.8,-2.65,5.73,11.93,17.5,19.8,19.09,14.86,7.39,1.57,-6.15,5.94,76.54
18-3351-50535,2001-2010,-10.38,-8.95,-2.62,5.9,12.15,17.75,20.03,19.32,15.13,7.47,1.55,-6.36,6.01,77.87
18-3369-49845,2001-2010,-8.97,-7.66,-1.86,6.15,12.32,17.81,20.11,19.55,15.31,7.9,2.29,-5.01,6.59,78.65
18-3380-49750,2001-2010,-8.66,-7.43,-1.64,6.32,12.48,17.95,20.26,19.69,15.52,8.06,2.5,-4.72,6.8,76.32
18-3388-49903,2001-2010,-9.19,-7.84,-2,6.07,12.27,17.75,20.06,19.48,15.23,7.78,2.12,-5.24,6.47,80.72
18-3389-49691,2001-2010,-8.45,-7.25,-1.46,6.44,12.59,18.04,20.33,19.8,15.63,8.16,2.66,-4.53,6.93,73.69
18-3401-50475,2001-2010,-10.25,-8.83,-2.55,5.96,12.19,17.77,20.06,19.35,15.16,7.53,1.62,-6.22,6.08,76.85
18-3404-49395,2001-2010,-8.02,-6.84,-1.07,6.73,12.86,18.29,20.54,20.05,15.92,8.31,2.96,-4.16,7.23,67.18
18-3420-49390,2001-2010,-7.92,-6.77,-1.04,6.75,12.85,18.28,20.56,20.07,15.96,8.38,3.04,-4.07,7.27,66.56
18-3434-49499,2001-2010,-8.11,-6.93,-1.14,6.69,12.83,18.26,20.51,20.02,15.85,8.26,2.9,-4.24,7.17,68.54
18-3453-49652,2001-2010,-8.37,-7.15,-1.39,6.51,12.65,18.09,20.39,19.87,15.73,8.23,2.74,-4.44,7,73.59
18-3469-50088,2001-2010,-9.5,-8.06,-2.16,6.07,12.31,17.82,20.1,19.5,15.25,7.73,1.99,-5.56,6.39,83.86
18-3485-50735,2001-2010,-10.47,-8.96,-2.59,5.96,12.3,17.92,20.14,19.44,15.32,7.54,1.56,-6.49,6.07,79.52
18-3490-49540,2001-2010,-8.09,-6.93,-1.17,6.68,12.78,18.21,20.51,20.02,15.88,8.36,2.96,-4.19,7.18,69.97
18-3511-50603,2001-2010,-10.33,-8.87,-2.54,6,12.29,17.89,20.13,19.43,15.3,7.57,1.64,-6.31,6.11,78.52
18-3549-49862,2001-2010,-9.1,-7.63,-1.89,6.22,12.46,17.92,20.26,19.72,15.53,7.97,2.2,-5.16,6.64,90.46
18-3571-49746,2001-2010,-8.81,-7.44,-1.69,6.37,12.54,17.98,20.33,19.79,15.66,8.13,2.48,-4.83,6.81,83.98
18-3577-50825,2001-2010,-10.48,-8.99,-2.67,5.91,12.2,17.84,20.05,19.36,15.2,7.52,1.53,-6.44,6.02,80.17
18-3580-49390,2001-2010,-7.54,-6.48,-0.84,6.91,12.89,18.28,20.7,20.31,16.21,8.77,3.39,-3.72,7.51,66.09
18-3587-49991,2001-2010,-9.24,-7.73,-1.98,6.21,12.44,17.91,20.24,19.68,15.46,7.9,2.13,-5.34,6.57,90.55
18-3632-49427,2001-2010,-7.57,-6.51,-0.88,6.91,12.88,18.28,20.71,20.33,16.22,8.79,3.4,-3.73,7.5,67.55
18-3634-50151,2001-2010,-9.49,-8.02,-2.13,6.2,12.42,17.93,20.22,19.59,15.4,7.85,2.06,-5.52,6.47,84.26
18-3640-49528,2001-2010,-7.88,-6.73,-1.07,6.81,12.84,18.26,20.63,20.2,16.1,8.63,3.19,-3.98,7.35,70.65
18-3651-49486,2001-2010,-7.75,-6.64,-0.99,6.87,12.88,18.28,20.69,20.28,16.17,8.71,3.29,-3.87,7.43,69.44
18-3652-50219,2001-2010,-9.58,-8.12,-2.18,6.22,12.42,17.95,20.22,19.58,15.39,7.82,2.03,-5.57,6.44,83.08
18-3661-49250,2001-2010,-7.45,-6.41,-0.69,7.01,12.93,18.26,20.76,20.47,16.22,8.88,3.47,-3.68,7.58,64.98
18-3662-50545,2001-2010,-10.09,-8.66,-2.44,6.1,12.32,17.93,20.13,19.47,15.32,7.67,1.78,-6.04,6.22,79.79
18-3668-49582,2001-2010,-8.1,-6.9,-1.2,6.74,12.8,18.21,20.58,20.14,16.03,8.55,3.07,-4.16,7.25,73.47
18-3677-49397,2001-2010,-7.54,-6.48,-0.85,6.93,12.89,18.28,20.74,20.36,16.25,8.83,3.44,-3.7,7.53,67.08
18-3702-49303,2001-2010,-7.41,-6.39,-0.72,6.99,12.92,18.27,20.77,20.45,16.26,8.9,3.51,-3.62,7.59,65.44
18-3741-49489,2001-2010,-7.74,-6.65,-1.01,6.9,12.91,18.32,20.76,20.33,16.23,8.78,3.35,-3.88,7.46,71.02
18-3760-49200,2001-2010,-7.3,-6.31,-0.69,7,12.92,18.28,20.81,20.5,16.32,8.98,3.6,-3.51,7.65,65.44
18-3762-49801,2001-2010,-8.81,-7.34,-1.66,6.57,12.73,18.17,20.48,19.96,15.83,8.29,2.6,-4.84,6.93,85.22
18-3767-49466,2001-2010,-7.67,-6.61,-0.98,6.91,12.91,18.31,20.77,20.36,16.27,8.82,3.4,-3.81,7.49,70.06
18-3782-49339,2001-2010,-7.43,-6.41,-0.81,6.97,12.91,18.29,20.8,20.44,16.32,8.94,3.56,-3.59,7.6,67.24
18-3808-50183,2001-2010,-9.35,-7.85,-1.96,6.49,12.68,18.2,20.42,19.85,15.71,8.13,2.35,-5.27,6.72,84.01
18-3814-49569,2001-2010,-8.09,-6.91,-1.22,6.86,12.9,18.31,20.71,20.25,16.17,8.68,3.18,-4.16,7.32,74.96
18-3854-50393,2001-2010,-9.58,-8.11,-2.12,6.42,12.64,18.22,20.4,19.79,15.65,8.03,2.23,-5.46,6.61,82.43
18-3862-49620,2001-2010,-8.28,-7.02,-1.33,6.84,12.89,18.3,20.68,20.2,16.11,8.61,3.07,-4.32,7.24,77.13
18-3998-49356,2001-2010,-7.58,-6.67,-0.97,6.99,13.01,18.36,20.91,20.52,16.47,9.05,3.73,-3.62,7.62,73.28
18-4028-49206,2001-2010,-7.29,-6.43,-0.86,7.02,13,18.33,20.97,20.62,16.59,9.21,3.93,-3.35,7.75,70.84
18-4040-49580,2001-2010,-8.16,-7,-1.26,6.92,12.95,18.33,20.78,20.3,16.23,8.76,3.27,-4.16,7.34,76.63
18-4082-49908,2001-2010,-9.1,-7.55,-1.78,6.75,12.84,18.3,20.53,19.94,15.86,8.3,2.56,-5.03,6.9,83.51
18-4196-49317,2001-2010,-7.43,-6.61,-0.93,7.05,13.07,18.39,21.03,20.66,16.65,9.26,4.03,-3.41,7.75,75.21
18-4334-50239,2001-2010,-9.43,-7.94,-2,6.82,13.08,18.72,20.6,20.17,15.97,8.3,2.48,-5.31,6.89,84.32
18-5390-50495,2001-2010,-9.31,-8.11,-2.15,6.62,12.78,18.34,20.55,19.96,15.91,8.33,2.52,-5.06,6.8,82.46
